,artist,duration,number,orig_ds,orig_fname,title,id,href,status,t_eps
0,james_brown,151,3.0,Billboard,0003\salami_chords.txt,i_dont_mind,0,nan,nan,
1,roberta_flack_and_donny_hathaway,207,4.0,Billboard,0004\salami_chords.txt,youve_got__friend,1,nan,nan,
2,bette_midler,221,6.0,Billboard,0006\salami_chords.txt,rose,2,nan,nan,
3,billy_joel,318,10.0,Billboard,0010\salami_chords.txt,innocent_man,3,nan,nan,
4,johnny_lee,212,12.0,Billboard,0012\salami_chords.txt,lookin_for_love,4,nan,nan,
5,aerosmith,206,15.0,Billboard,0015\salami_chords.txt,last_child,5,nan,nan,
6,cyndi_lauper,229,16.0,Billboard,0016\salami_chords.txt,she_bop,6,nan,nan,
7,hall_and_oates,231,18.0,Billboard,0018\salami_chords.txt,kiss_on_my_list,7,nan,nan,
8,tanya_tucker,178,19.0,Billboard,0019\salami_chords.txt,heres_some_love,8,nan,nan,
9,j_geils_band,208,21.0,Billboard,0021\salami_chords.txt,just_cant_wait,9,nan,nan,
10,5th_dimension,238,22.0,Billboard,0022\salami_chords.txt,never_my_love,10,nan,nan,
11,talking_heads,219,23.0,Billboard,0023\salami_chords.txt,and_she_was,11,nan,nan,
12,graham_nash,241,25.0,Billboard,0025\salami_chords.txt,chicago,12,nan,nan,
13,chiffons,148,26.0,Billboard,0026\salami_chords.txt,swing_talkin_guy,13,nan,nan,
14,bad_company,200,27.0,Billboard,0027\salami_chords.txt,rock_n_roll_fantasy,14,nan,nan,
15,steve_miller_band,219,29.0,Billboard,0029\salami_chords.txt,joker,15,nan,nan,
16,r_dean_tayloy,191,30.0,Billboard,0030\salami_chords.txt,indiana_wants_me,16,nan,nan,
17,heart,292,33.0,Billboard,0033\salami_chords.txt,crazy_on_you,17,nan,nan,
18,if_i_cant_have_you,180,34.0,Billboard,0034\salami_chords.txt,yvonne_elliman,18,nan,nan,
19,freedom,263,35.0,Billboard,0035\salami_chords.txt,jimi_hendrix,19,nan,nan,
20,flatt_and_scruggs,162,37.0,Billboard,0037\salami_chords.txt,foggy_mountain_breakdown,20,nan,nan,
21,rolling_stones,307,39.0,Billboard,0039\salami_chords.txt,its_only_rock_and_roll_but_i_like_it,21,nan,nan,
22,snap,221,40.0,Billboard,0040\salami_chords.txt,power,22,nan,nan,
23,five_man_electrical_band,142,41.0,Billboard,0041\salami_chords.txt,absolutely_right,23,nan,nan,
24,phil_collins,205,43.0,Billboard,0043\salami_chords.txt,two_hearts,24,nan,nan,
25,power_station,306,44.0,Billboard,0044\salami_chords.txt,some_like_it_hot,25,nan,nan,
26,staple_singers,195,46.0,Billboard,0046\salami_chords.txt,ill_take_you_there,26,nan,nan,
27,barbara_streisand,221,49.0,Billboard,0049\salami_chords.txt,people,27,nan,nan,
28,beatles,143,50.0,Billboard,0050\salami_chords.txt,love_me_do,28,nan,nan,
29,cliff_richard,225,51.0,Billboard,0051\salami_chords.txt,carrie,29,nan,nan,
30,led_zeppelin,308,53.0,Billboard,0053\salami_chords.txt,over__hills_and_far_away,30,nan,nan,
31,j_frank_wilson_and__cavaliers,148,54.0,Billboard,0054\salami_chords.txt,last_kiss,31,nan,nan,
32,robert_cray_band,241,55.0,Billboard,0055\salami_chords.txt,smoking_gun,32,nan,nan,
33,bobbi_martin,176,56.0,Billboard,0056\salami_chords.txt,i_love_you_so,33,nan,nan,
34,peggy_lee,264,59.0,Billboard,0059\salami_chords.txt,is_that_all_there_is,34,nan,nan,
35,creedence_clearwater_revival,254,61.0,Billboard,0061\salami_chords.txt,i_put__spell_on_you,35,nan,nan,
36,gino_vanelli,223,62.0,Billboard,0062\salami_chords.txt,hurts_to_be_in_love,36,nan,nan,
37,roy_orbison,173,64.0,Billboard,0064\salami_chords.txt,cry_softly_lonely_one,37,nan,nan,
38,contours,174,66.0,Billboard,0066\salami_chords.txt,do_you_love_me,38,nan,nan,
39,little_joey_and__flips,137,67.0,Billboard,0067\salami_chords.txt,bongo_stomp,39,nan,nan,
40,gino_vannelli,190,68.0,Billboard,0068\salami_chords.txt,black_cars,40,nan,nan,
41,sly_and__family_stone,158,70.0,Billboard,0070\salami_chords.txt,hot_fun_in__summertime,41,nan,nan,
42,meatloaf,571,71.0,Billboard,0071\salami_chords.txt,paradise_by__dashboard_light,42,nan,nan,
43,youngbloods,277,72.0,Billboard,0072\salami_chords.txt,get_together,43,nan,nan,
44,martha_reeves_and__vandellas,179,74.0,Billboard,0074\salami_chords.txt,nowhere_to_run,44,nan,nan,
45,foghat,271,75.0,Billboard,0075\salami_chords.txt,drivin_wheel,45,nan,nan,
46,little_river_band,212,77.0,Billboard,0077\salami_chords.txt,reminiscing,46,nan,nan,
47,boys,265,78.0,Billboard,0078\salami_chords.txt,dial_my_heart,47,nan,nan,
48,james_brown,172,79.0,Billboard,0079\salami_chords.txt,cold_sweat_-_part_1,48,nan,nan,
49,paul_simon,281,81.0,Billboard,0081\salami_chords.txt,you_can_call_me_al,49,nan,nan,
50,ub40,321,83.0,Billboard,0083\salami_chords.txt,red_red_wine,50,nan,nan,
51,michael_jackson,254,85.0,Billboard,0085\salami_chords.txt,i_just_cant_stop_loving_you,51,nan,nan,
52,david_bowie,315,86.0,Billboard,0086\salami_chords.txt,space_oddity,52,nan,nan,
53,nitty_gritty_dirt_band,143,88.0,Billboard,0088\salami_chords.txt,buy_for_me__rain,53,nan,nan,
54,pat_benetar,200,89.0,Billboard,0089\salami_chords.txt,fire_and_ice,54,nan,nan,
55,spandau_ballet,343,91.0,Billboard,0091\salami_chords.txt,true,55,nan,nan,
56,peter_gabriel,239,92.0,Billboard,0092\salami_chords.txt,shock__monkey,56,nan,nan,
57,rolling_stones,344,94.0,Billboard,0094\salami_chords.txt,wild_horses,57,nan,nan,
58,boyz_ii_men,234,97.0,Billboard,0097\salami_chords.txt,motown_philly,58,nan,nan,
59,bananarama,249,99.0,Billboard,0099\salami_chords.txt,trick_of__night,59,nan,nan,
60,rod_stewart,350,100.0,Billboard,0100\salami_chords.txt,maggie_may,60,nan,nan,
61,dottie_west,183,101.0,Billboard,0101\salami_chords.txt,lesson_in_leavin,61,nan,nan,
62,ray_price,230,102.0,Billboard,0102\salami_chords.txt,for__good_times,62,nan,nan,
63,little_river_band,274,104.0,Billboard,0104\salami_chords.txt,we_two,63,nan,nan,
64,rush,298,105.0,Billboard,0105\salami_chords.txt,spirit_of_radio,64,nan,nan,
65,bread,156,106.0,Billboard,0106\salami_chords.txt,if,65,nan,nan,
66,lynyrd_skynyrd,284,107.0,Billboard,0107\salami_chords.txt,sweet_home_alabama,66,nan,nan,
67,tee_set,197,109.0,Billboard,0109\salami_chords.txt,ma_belle_amie,67,nan,nan,
68,byrds,215,111.0,Billboard,0111\salami_chords.txt,eight_miles_high,68,nan,nan,
69,gladys_knight_and__pips,166,112.0,Billboard,0112\salami_chords.txt,letter_full_of_tears,69,nan,nan,
70,cream,253,114.0,Billboard,0114\salami_chords.txt,sunshine_of_your_love,70,nan,nan,
71,chuck_berry,142,115.0,Billboard,0115\salami_chords.txt,sweet_little_rock_n_roll,71,nan,nan,
72,eric_clapton,302,116.0,Billboard,0116\salami_chords.txt,let_it_rain,72,nan,nan,
73,"david_ruffin,_jimmy_ruffin",229,119.0,Billboard,0119\salami_chords.txt,stand_by_me,73,nan,nan,
74,ronettes,159,120.0,Billboard,0120\salami_chords.txt,be_my_baby,74,nan,nan,
75,freddie_jackson,277,122.0,Billboard,0122\salami_chords.txt,have_you_ever_loved_somebody,75,nan,nan,
76,bing_crosby,162,123.0,Billboard,0123\salami_chords.txt,silent_night,76,nan,nan,
77,eric_clapton,181,124.0,Billboard,0124\salami_chords.txt,promises,77,nan,nan,
78,blue_eyes_cryin,141,126.0,Billboard,0126\salami_chords.txt,willie_nelson,78,nan,nan,
79,etta_james,174,127.0,Billboard,0127\salami_chords.txt,stop__wedding,79,nan,nan,
80,looking_glass,188,128.0,Billboard,0128\salami_chords.txt,brandy,80,nan,nan,
81,rolling_stones,228,130.0,Billboard,0130\salami_chords.txt,tumbling_dice,81,nan,nan,
82,ronnie_milsap,216,131.0,Billboard,0131\salami_chords.txt,i_wouldnt_have_missed_it_for__world,82,nan,nan,
83,bobby_bare,168,133.0,Billboard,0133\salami_chords.txt,detroit_city,83,nan,nan,
84,electric_prunes,180,134.0,Billboard,0134\salami_chords.txt,i_had_too_much_to_dream,84,nan,nan,
85,ub40,183,139.0,Billboard,0139\salami_chords.txt,way_you_do__things_you_do,85,nan,nan,
86,zz_top,234,140.0,Billboard,0140\salami_chords.txt,la_grange,86,nan,nan,
87,dion,163,145.0,Billboard,0145\salami_chords.txt,runaround_sue,87,nan,nan,
88,string--longs,124,147.0,Billboard,0147\salami_chords.txt,wheels,88,nan,nan,
89,police,179,148.0,Billboard,0148\salami_chords.txt,spirits_in__material_world,89,nan,nan,
90,randy_vanwarmer,244,149.0,Billboard,0149\salami_chords.txt,just_when_i_needed_you_most,90,nan,nan,
91,tina_turner,229,150.0,Billboard,0150\salami_chords.txt,whats_love_got_to_do_with_it,91,nan,nan,
92,everly_brothers,139,153.0,Billboard,0153\salami_chords.txt,walk_right_back,92,nan,nan,
93,robert_john,190,154.0,Billboard,0154\salami_chords.txt,lonely_eyes,93,nan,nan,
94,eric_clapton,192,155.0,Billboard,0155\salami_chords.txt,forever_man,94,nan,nan,
95,santo_and_johnny,143,157.0,Billboard,0157\salami_chords.txt,sleep_walk,95,nan,nan,
96,level_42,227,158.0,Billboard,0158\salami_chords.txt,something_about_you,96,nan,nan,
97,elvis_presley,152,159.0,Billboard,0159\salami_chords.txt,little_sister,97,nan,nan,
98,solomon_burke,153,160.0,Billboard,0160\salami_chords.txt,if_you_need_me,98,nan,nan,
99,brenda_lee,146,162.0,Billboard,0162\salami_chords.txt,sweet_nothins,99,nan,nan,
100,melba_montgomery,194,167.0,Billboard,0167\salami_chords.txt,no_charge,100,nan,nan,
101,san_franciscan_nights,201,168.0,Billboard,0168\salami_chords.txt,animals,101,nan,nan,
102,sea_of_heartbreak,154,169.0,Billboard,0169\salami_chords.txt,don_gibson,102,nan,nan,
103,twilight_zone,280,170.0,Billboard,0170\salami_chords.txt,golden_earring,103,nan,nan,
104,25_or_6_to_4,290,176.0,Billboard,0176\salami_chords.txt,chicago,104,nan,nan,
105,nathalie_cole,261,177.0,Billboard,0177\salami_chords.txt,ive_got_love_on_my_mind,105,nan,nan,
106,bo_diddley,191,179.0,Billboard,0179\salami_chords.txt,you_cant_judge__book_by__cover,106,nan,nan,
107,beautiful,203,180.0,Billboard,0180\salami_chords.txt,gordon_lightfoot,107,nan,nan,
108,always_something_there_to_remind_me,221,181.0,Billboard,0181\salami_chords.txt,naked_eyes,108,nan,nan,
109,john_denver,182,182.0,Billboard,0182\salami_chords.txt,annies_song,109,nan,nan,
110,abba,325,183.0,Billboard,0183\salami_chords.txt,chiquitita,110,nan,nan,
111,pet_shop_boys,235,184.0,Billboard,0184\salami_chords.txt,always_on_my_mind,111,nan,nan,
112,jimmy_clanton,152,185.0,Billboard,0185\salami_chords.txt,just__dream,112,nan,nan,
113,little_river_band,242,187.0,Billboard,0187\salami_chords.txt,help_is_on__way,113,nan,nan,
114,cheap_trick,224,188.0,Billboard,0188\salami_chords.txt,i_want_you_to_want_me,114,nan,nan,
115,gloria_gaynor,178,190.0,Billboard,0190\salami_chords.txt,never_can_say_goodbye,115,nan,nan,
116,rascals,182,191.0,Billboard,0191\salami_chords.txt,people_got_to_be_free,116,nan,nan,
117,dinah_washington,164,192.0,Billboard,0192\salami_chords.txt,unforgettable,117,nan,nan,
118,andy_gibb,274,193.0,Billboard,0193\salami_chords.txt,shadow_dancing,118,nan,nan,
119,eric_clapton,702,194.0,Billboard,0194\salami_chords.txt,willie_and__hand_jive,119,nan,nan,
120,alice_cooper,261,195.0,Billboard,0195\salami_chords.txt,schoools_out,120,nan,nan,
121,paul_anka,142,196.0,Billboard,0196\salami_chords.txt,love_me_warm_and_tender,121,nan,nan,
122,chicago,229,198.0,Billboard,0198\salami_chords.txt,along_comes__woman,122,nan,nan,
123,anne_murray,303,199.0,Billboard,0199\salami_chords.txt,could_i_have_this_dance,123,nan,nan,
124,ojays,180,202.0,Billboard,0202\salami_chords.txt,love_train,124,nan,nan,
125,jimmy_cliff,191,203.0,Billboard,0203\salami_chords.txt,"wonderful_world,_beautiful_people",125,nan,nan,
126,ike_and_tina_turner,173,204.0,Billboard,0204\salami_chords.txt,i_want_to_take_you_higher,126,nan,nan,
127,billy_joel,281,205.0,Billboard,0205\salami_chords.txt,pressure,127,nan,nan,
128,paul_mccartney,233,206.0,Billboard,0206\salami_chords.txt,maybe_im_amazed,128,nan,nan,
129,steve_winwood,263,207.0,Billboard,0207\salami_chords.txt,back_in__high_life_again,129,nan,nan,
130,chicago,182,208.0,Billboard,0208\salami_chords.txt,another_rainy_day_in_new_york_city,130,nan,nan,
131,eagles,256,209.0,Billboard,0209\salami_chords.txt,already_gone,131,nan,nan,
132,tom_jones,150,210.0,Billboard,0210\salami_chords.txt,shes__lady,132,nan,nan,
133,ike_and_tina_turner,184,212.0,Billboard,0212\salami_chords.txt,its_gonna_work_out_fine,133,nan,nan,
134,mel_torme,164,213.0,Billboard,0213\salami_chords.txt,comin_home_baby,134,nan,nan,
135,ray_charles,205,214.0,Billboard,0214\salami_chords.txt,right_time,135,nan,nan,
136,heart,329,215.0,Billboard,0215\salami_chords.txt,magic_man,136,nan,nan,
137,isaac_hayes,200,216.0,Billboard,0216\salami_chords.txt,do_your_thing,137,nan,nan,
138,rick_springfield,197,217.0,Billboard,0217\salami_chords.txt,jessies_girl,138,nan,nan,
139,abba,256,218.0,Billboard,0218\salami_chords.txt,fernando,139,nan,nan,
140,nat_king_cole,169,220.0,Billboard,0220\salami_chords.txt,ramblin_rose,140,nan,nan,
141,roberta_flack,177,221.0,Billboard,0221\salami_chords.txt,feel_like_making_love,141,nan,nan,
142,elvis_presley,218,222.0,Billboard,0222\salami_chords.txt,for_ol_times_sake,142,nan,nan,
143,michael_jackson,362,223.0,Billboard,0223\salami_chords.txt,wanna_be_startin_somethin,143,nan,nan,
144,glen_campbell,162,224.0,Billboard,0224\salami_chords.txt,galveston,144,nan,nan,
145,pat_benatar,288,227.0,Billboard,0227\salami_chords.txt,promises_in__dark,145,nan,nan,
146,beach_boys,216,228.0,Billboard,0228\salami_chords.txt,still_cruisin,146,nan,nan,
147,rolling_stones,182,229.0,Billboard,0229\salami_chords.txt,honky_tonk_women,147,nan,nan,
148,abba,244,231.0,Billboard,0231\salami_chords.txt,"knowing_me,_knowing_you",148,nan,nan,
149,band,235,234.0,Billboard,0234\salami_chords.txt,life_is__carnival,149,nan,nan,
150,john_denver,286,235.0,Billboard,0235\salami_chords.txt,back_home_again,150,nan,nan,
151,genesis,534,236.0,Billboard,0236\salami_chords.txt,"tonight,_tonight,_tonight",151,nan,nan,
152,kenny_rogers,220,238.0,Billboard,0238\salami_chords.txt,you_decorated_my_life,152,nan,nan,
153,beach_boys,199,239.0,Billboard,0239\salami_chords.txt,sail_on_sailor,153,nan,nan,
154,billy_joel,291,240.0,Billboard,0240\salami_chords.txt,just__way_you_are,154,nan,nan,
155,bing_crosby,182,241.0,Billboard,0241\salami_chords.txt,white_christmas,155,nan,nan,
156,stevie_b,262,242.0,Billboard,0242\salami_chords.txt,because_i_love_you,156,nan,nan,
157,rolling_stones,154,244.0,Billboard,0244\salami_chords.txt,"have_you_seen_your_mother,_baby,_standing_in__shadow?",157,nan,nan,
158,john_denver,160,245.0,Billboard,0245\salami_chords.txt,it_amazes_me,158,nan,nan,
159,glen_campbell,195,246.0,Billboard,0246\salami_chords.txt,rhinestone_cowboy,159,nan,nan,
160,ten_years_after,225,248.0,Billboard,0248\salami_chords.txt,id_love_to_change__world,160,nan,nan,
161,bob_seger,195,249.0,Billboard,0249\salami_chords.txt,old_time_rock_and_roll,161,nan,nan,
162,jimmy_jones,122,250.0,Billboard,0250\salami_chords.txt,handy_man,162,nan,nan,
163,brother_jack_mcduff,214,251.0,Billboard,0251\salami_chords.txt,theme_from_electric_surfboard,163,nan,nan,
164,dion,166,253.0,Billboard,0253\salami_chords.txt,love_came_to_me,164,nan,nan,
165,simple_minds,299,254.0,Billboard,0254\salami_chords.txt,sanctify_yourself,165,nan,nan,
166,brownsville_station,179,256.0,Billboard,0256\salami_chords.txt,smokin_in__boys_room,166,nan,nan,
167,max_frost_and__troopers,114,257.0,Billboard,0257\salami_chords.txt,shape_of_things_to_come,167,nan,nan,
168,firehouse,323,258.0,Billboard,0258\salami_chords.txt,don_t_treat_me_bad,168,nan,nan,
169,patrick_hernandez,215,259.0,Billboard,0259\salami_chords.txt,born_to_be_alive,169,nan,nan,
170,iron_butterfly,174,261.0,Billboard,0261\salami_chords.txt,in--gadda-da-vida,170,nan,nan,
171,wednesday,156,263.0,Billboard,0263\salami_chords.txt,last_kiss,171,nan,nan,
172,rolling_stones,228,264.0,Billboard,0264\salami_chords.txt,dandelion,172,nan,nan,
173,5th_dimension,192,265.0,Billboard,0265\salami_chords.txt,last_night_i_didnt_get_to_sleep_at_all,173,nan,nan,
174,johnny_tillotson,150,267.0,Billboard,0267\salami_chords.txt,worried_guy,174,nan,nan,
175,reo_speedwagon,213,268.0,Billboard,0268\salami_chords.txt,time_for_me_to_fly,175,nan,nan,
176,pink_floyd,406,269.0,Billboard,0269\salami_chords.txt,money,176,nan,nan,
177,beach_boys,135,270.0,Billboard,0270\salami_chords.txt,in_my_room,177,nan,nan,
178,robert_palmer,265,271.0,Billboard,0271\salami_chords.txt,addicted_to_love,178,nan,nan,
179,clarence_carter,193,276.0,Billboard,0276\salami_chords.txt,patches,179,nan,nan,
180,rolling_stones,274,278.0,Billboard,0278\salami_chords.txt,waiting_on__friend,180,nan,nan,
181,marvin_gaye_and_kim_weston,180,280.0,Billboard,0280\salami_chords.txt,it_takes_two,181,nan,nan,
182,heart,235,281.0,Billboard,0281\salami_chords.txt,theres__girl,182,nan,nan,
183,bob_dylan,326,282.0,Billboard,0282\salami_chords.txt,gotta_serve_somebody,183,nan,nan,
184,nancy_sinatra,154,284.0,Billboard,0284\salami_chords.txt,these_boots_are_made_for_walkin,184,nan,nan,
185,brenda_lee,158,288.0,Billboard,0288\salami_chords.txt,as_usual,185,nan,nan,
186,elvis_presley,177,289.0,Billboard,0289\salami_chords.txt,guitar_man,186,nan,nan,
187,hollies,261,290.0,Billboard,0290\salami_chords.txt,long_dark_road,187,nan,nan,
188,rita_coolidge,219,291.0,Billboard,0291\salami_chords.txt,way_you_do__things_you_do,188,nan,nan,
189,police,261,293.0,Billboard,0293\salami_chords.txt,every_little_thing_she_does_is_magic,189,nan,nan,
190,jerry_jeff_walker,234,294.0,Billboard,0294\salami_chords.txt,mr_bojangles,190,nan,nan,
191,eagles,381,296.0,Billboard,0296\salami_chords.txt,lyin_eyes,191,nan,nan,
192,bobby_womack,216,297.0,Billboard,0297\salami_chords.txt,thats__way_i_feel_about_cha,192,nan,nan,
193,whitesnake,278,300.0,Billboard,0300\salami_chords.txt,here_i_go_again,193,nan,nan,
194,beatles,119,302.0,Billboard,0302\salami_chords.txt,do_you_want_to_know__secret,194,nan,nan,
195,juice_newton,243,303.0,Billboard,0303\salami_chords.txt,break_it_to_me_gently,195,nan,nan,
196,digital_underground,388,304.0,Billboard,0304\salami_chords.txt,humpty_dance,196,nan,nan,
197,village_people,226,306.0,Billboard,0306\salami_chords.txt,in__navy,197,nan,nan,
198,smokey_robinson,270,307.0,Billboard,0307\salami_chords.txt,cruisin,198,nan,nan,
199,roger_miller,112,308.0,Billboard,0308\salami_chords.txt,you_cant_roller_skate_in__buffalo_herd,199,nan,nan,
200,cyndi_lauper,270,309.0,Billboard,0309\salami_chords.txt,all_through__night,200,nan,nan,
201,little_river_band,169,310.0,Billboard,0310\salami_chords.txt,other_guy,201,nan,nan,
202,anne_murray,147,312.0,Billboard,0312\salami_chords.txt,daydream_believer,202,nan,nan,
203,james_brown,169,314.0,Billboard,0314\salami_chords.txt,i_got_you_i_feel_good,203,nan,nan,
204,redbone,214,315.0,Billboard,0315\salami_chords.txt,come_and_get_your_love,204,nan,nan,
205,cheap_trick,231,317.0,Billboard,0317\salami_chords.txt,dream_police,205,nan,nan,
206,marvin_gaye,239,319.0,Billboard,0319\salami_chords.txt,i_want_you,206,nan,nan,
207,supremes,155,320.0,Billboard,0320\salami_chords.txt,floy_joy,207,nan,nan,
208,everly_brothers,137,322.0,Billboard,0322\salami_chords.txt,bird_dog,208,nan,nan,
209,linda_ronstadt,125,324.0,Billboard,0324\salami_chords.txt,when_will_i_be_loved,209,nan,nan,
210,paul_anka,201,325.0,Billboard,0325\salami_chords.txt,let_me_get_to_know_you,210,nan,nan,
211,elvis_presley,201,326.0,Billboard,0326\salami_chords.txt,my_boy,211,nan,nan,
212,fifth_dimension,145,330.0,Billboard,0330\salami_chords.txt,where_do_you_wanna_go,212,nan,nan,
213,kool_and__gang,186,331.0,Billboard,0331\salami_chords.txt,jungle_boogie,213,nan,nan,
214,rockwell,242,334.0,Billboard,0334\salami_chords.txt,somebody_s_watching_me,214,nan,nan,
215,rita_coolidge,243,336.0,Billboard,0336\salami_chords.txt,your_love_has_lifted_me_higher,215,nan,nan,
216,kenny_rogers,286,338.0,Billboard,0338\salami_chords.txt,through__years,216,nan,nan,
217,urban_dance_squad,274,339.0,Billboard,0339\salami_chords.txt,deeper_shade_of_soul,217,nan,nan,
218,commodores,264,341.0,Billboard,0341\salami_chords.txt,easy,218,nan,nan,
219,gladys_night_and__pips,194,343.0,Billboard,0343\salami_chords.txt,if_i_were_your_woman,219,nan,nan,
220,rolling_stones,208,345.0,Billboard,0345\salami_chords.txt,doo_doo_doo_doo_doo,220,nan,nan,
221,freddy_fender,156,346.0,Billboard,0346\salami_chords.txt,living_it_down,221,nan,nan,
222,glen_campbell,172,347.0,Billboard,0347\salami_chords.txt,sunflower,222,nan,nan,
223,tina_turner,329,348.0,Billboard,0348\salami_chords.txt,best,223,nan,nan,
224,bachman-turner_overdrive,240,351.0,Billboard,0351\salami_chords.txt,roll_on_down__highway,224,nan,nan,
225,marky_mark_and__funky_bunch,270,352.0,Billboard,0352\salami_chords.txt,good_vibrations,225,nan,nan,
226,sammy_hagar,250,353.0,Billboard,0353\salami_chords.txt,i_cant_drive_55,226,nan,nan,
227,elton_john,323,354.0,Billboard,0354\salami_chords.txt,philadelphia_freedom,227,nan,nan,
228,johnny_tillotson,138,355.0,Billboard,0355\salami_chords.txt,"i_rise,_i_fall",228,nan,nan,
229,brenda_lee,148,356.0,Billboard,0356\salami_chords.txt,dum_dum,229,nan,nan,
230,donna_fargo,147,358.0,Billboard,0358\salami_chords.txt,superman,230,nan,nan,
231,cure,212,359.0,Billboard,0359\salami_chords.txt,just_like_heaven,231,nan,nan,
232,george_harrison,254,361.0,Billboard,0361\salami_chords.txt,this_song,232,nan,nan,
233,santana,238,364.0,Billboard,0364\salami_chords.txt,evil_ways,233,nan,nan,
234,chicago,254,366.0,Billboard,0366\salami_chords.txt,feelin_stronger_every_day,234,nan,nan,
235,alan_oday,213,367.0,Billboard,0367\salami_chords.txt,undercover_angel,235,nan,nan,
236,buckinghams,130,369.0,Billboard,0369\salami_chords.txt,kind_of__drag,236,nan,nan,
237,neneh_cherry,237,370.0,Billboard,0370\salami_chords.txt,kisses_on__wind,237,nan,nan,
238,brenda_lee,155,371.0,Billboard,0371\salami_chords.txt,losing_you,238,nan,nan,
239,kenny_rogers,238,372.0,Billboard,0372\salami_chords.txt,scarlet_fever,239,nan,nan,
240,ann_peebles,154,377.0,Billboard,0377\salami_chords.txt,i_cant_stand__rain,240,nan,nan,
241,gladys_knight_and__pips,227,380.0,Billboard,0380\salami_chords.txt,best_thing_that_ever_happened_to_me,241,nan,nan,
242,focus,207,381.0,Billboard,0381\salami_chords.txt,hocus_pocus,242,nan,nan,
243,pet_shop_boys,273,382.0,Billboard,0382\salami_chords.txt,where__streets_have_no_names,243,nan,nan,
244,donovan,280,383.0,Billboard,0383\salami_chords.txt,sunshine_superman,244,nan,nan,
245,sting,256,384.0,Billboard,0384\salami_chords.txt,if_you_love_somebody_set_them_free,245,nan,nan,
246,wilson_phillips,221,385.0,Billboard,0385\salami_chords.txt,hold_on,246,nan,nan,
247,elvis_presley,166,386.0,Billboard,0386\salami_chords.txt,i_really_dont_want_to_know,247,nan,nan,
248,rolling_stones,179,387.0,Billboard,0387\salami_chords.txt,time_is_on_my_side,248,nan,nan,
249,general_public,217,389.0,Billboard,0389\salami_chords.txt,tenderness,249,nan,nan,
250,candi_staton,222,390.0,Billboard,0390\salami_chords.txt,young_hearts_run_free,250,nan,nan,
251,isley_brothers,218,391.0,Billboard,0391\salami_chords.txt,its_your_thing,251,nan,nan,
252,genesis,195,393.0,Billboard,0393\salami_chords.txt,misunderstanding,252,nan,nan,
253,jackson_browne,217,395.0,Billboard,0395\salami_chords.txt,here_come_those_tears_again,253,nan,nan,
254,peggy_lee,203,396.0,Billboard,0396\salami_chords.txt,fever,254,nan,nan,
255,janis_joplin,264,397.0,Billboard,0397\salami_chords.txt,kozmic_blues,255,nan,nan,
256,elvis_presley,151,399.0,Billboard,0399\salami_chords.txt,one_night,256,nan,nan,
257,shirley_brown,235,400.0,Billboard,0400\salami_chords.txt,woman_to_woman,257,nan,nan,
258,cyndi_lauper,218,401.0,Billboard,0401\salami_chords.txt,goonies_`r_good_enough,258,nan,nan,
259,aretha_franklin,164,403.0,Billboard,0403\salami_chords.txt,i_never_loved__man,259,nan,nan,
260,crystals,157,404.0,Billboard,0404\salami_chords.txt,hes__rebel,260,nan,nan,
261,pure_prairie_league,261,406.0,Billboard,0406\salami_chords.txt,amie,261,nan,nan,
262,gino_vannelli,280,407.0,Billboard,0407\salami_chords.txt,wild_horses,262,nan,nan,
263,johnny_tillotson,165,410.0,Billboard,0410\salami_chords.txt,jimmys_girl,263,nan,nan,
264,harry_chapin,228,412.0,Billboard,0412\salami_chords.txt,sunday_morning_sunshine,264,nan,nan,
265,rembrandts,231,414.0,Billboard,0414\salami_chords.txt,someone,265,nan,nan,
266,david_bowie,209,415.0,Billboard,0415\salami_chords.txt,golden_years,266,nan,nan,
267,joni_mitchell,158,417.0,Billboard,0417\salami_chords.txt,"youre_so_square_baby,_i_dont_care",267,nan,nan,
268,aretha_franklin,168,418.0,Billboard,0418\salami_chords.txt,chain_of_fools,268,nan,nan,
269,george_harrison,241,419.0,Billboard,0419\salami_chords.txt,blow_away,269,nan,nan,
270,who,181,421.0,Billboard,0421\salami_chords.txt,pinball_wizard,270,nan,nan,
271,lavern_baker,149,425.0,Billboard,0425\salami_chords.txt,see_see_rider,271,nan,nan,
272,bruce_springsteen,212,426.0,Billboard,0426\salami_chords.txt,i_m_goin_down,272,nan,nan,
273,beach_boys,171,427.0,Billboard,0427\salami_chords.txt,bluebirds_over__mountain,273,nan,nan,
274,ocean,176,429.0,Billboard,0429\salami_chords.txt,put_your_hand_in__hand,274,nan,nan,
275,huey_lewis_and__news,286,430.0,Billboard,0430\salami_chords.txt,i_want__new_drug,275,nan,nan,
276,osmonds,166,432.0,Billboard,0432\salami_chords.txt,one_bad_apple,276,nan,nan,
277,5th_dimension,189,433.0,Billboard,0433\salami_chords.txt,if_i_could_reach_you,277,nan,nan,
278,dion,160,434.0,Billboard,0434\salami_chords.txt,where_or_when,278,nan,nan,
279,dion,157,439.0,Billboard,0439\salami_chords.txt,ruby_baby,279,nan,nan,
280,depeche_mode,240,442.0,Billboard,0442\salami_chords.txt,world_in_my_eyes,280,nan,nan,
281,kinks,186,443.0,Billboard,0443\salami_chords.txt,better_things,281,nan,nan,
282,chicago,211,445.0,Billboard,0445\salami_chords.txt,old_days,282,nan,nan,
283,pointer_sisters,242,448.0,Billboard,0448\salami_chords.txt,jump_for_my_love,283,nan,nan,
284,crosby_stills_and_nash,274,451.0,Billboard,0451\salami_chords.txt,got_it_made,284,nan,nan,
285,billy_squier,273,452.0,Billboard,0452\salami_chords.txt,dont_say_you_love_me,285,nan,nan,
286,jimmy_smith,357,455.0,Billboard,0455\salami_chords.txt,walk_on__wild_side_part_1,286,nan,nan,
287,paul_mccartney,346,456.0,Billboard,0456\salami_chords.txt,with__little_luck,287,nan,nan,
288,rolling_stones,186,457.0,Billboard,0457\salami_chords.txt,not_fade_away,288,nan,nan,
289,drifters,180,461.0,Billboard,0461\salami_chords.txt,on_broadway,289,nan,nan,
290,john_denver,231,463.0,Billboard,0463\salami_chords.txt,seasons_of__heart,290,nan,nan,
291,billy_idol,278,464.0,Billboard,0464\salami_chords.txt,flesh_for_fantasy,291,nan,nan,
292,sammy_hagar,339,465.0,Billboard,0465\salami_chords.txt,give_to_live,292,nan,nan,
293,music_explosion,143,467.0,Billboard,0467\salami_chords.txt,little_bit_o_soul,293,nan,nan,
294,temptations,154,468.0,Billboard,0468\salami_chords.txt,aint_too_proud_to_beg,294,nan,nan,
295,corey_hart,235,469.0,Billboard,0469\salami_chords.txt,in_your_soul,295,nan,nan,
296,kenny_rogers,260,472.0,Billboard,0472\salami_chords.txt,sweet_music_man,296,nan,nan,
297,beatles,260,473.0,Billboard,0473\salami_chords.txt,come_together,297,nan,nan,
298,cowsills,181,474.0,Billboard,0474\salami_chords.txt,silver_threads_and_golden_needles,298,nan,nan,
299,color_me_badd,291,476.0,Billboard,0476\salami_chords.txt,i_adore_mi_amor,299,nan,nan,
300,hollies,175,477.0,Billboard,0477\salami_chords.txt,carrie-anne,300,nan,nan,
301,j_geils_band,264,478.0,Billboard,0478\salami_chords.txt,one_last_kiss,301,nan,nan,
302,beach_boys,139,479.0,Billboard,0479\salami_chords.txt,wendy,302,nan,nan,
303,rick_james,234,480.0,Billboard,0480\salami_chords.txt,give_it_to_me_baby,303,nan,nan,
304,miracles,239,481.0,Billboard,0481\salami_chords.txt,"baby,_baby_dont_cry",304,nan,nan,
305,"evelyn_""champagne""_king",304,482.0,Billboard,0482\salami_chords.txt,im_in_love,305,nan,nan,
306,dr_john,335,483.0,Billboard,0483\salami_chords.txt,right_place_wrong_time,306,nan,nan,
307,brenda_lee,151,484.0,Billboard,0484\salami_chords.txt,heart_in_hand,307,nan,nan,
308,hall_and_oates,147,485.0,Billboard,0485\salami_chords.txt,rich_girl,308,nan,nan,
309,james_brown,279,490.0,Billboard,0490\salami_chords.txt,my_thang,309,nan,nan,
310,police,243,492.0,Billboard,0492\salami_chords.txt,dont_stand_so_close_to_me,310,nan,nan,
311,kenny_rogers,209,494.0,Billboard,0494\salami_chords.txt,i_dont_need_you,311,nan,nan,
312,staple_singers,224,497.0,Billboard,0497\salami_chords.txt,city_in__sky,312,nan,nan,
313,johnny_horton,153,500.0,Billboard,0500\salami_chords.txt,battle_of_new_orleans,313,nan,nan,
314,donna_summer,200,501.0,Billboard,0501\salami_chords.txt,last_dance,314,nan,nan,
315,otis_redding,196,502.0,Billboard,0502\salami_chords.txt,ive_been_loving_you_too_long_to_stop_now,315,nan,nan,
316,engelbert_humperdinck,236,506.0,Billboard,0506\salami_chords.txt,after__lovin,316,nan,nan,
317,commodores,228,507.0,Billboard,0507\salami_chords.txt,still,317,nan,nan,
318,bb_king,163,510.0,Billboard,0510\salami_chords.txt,how_blue_can_you_get,318,nan,nan,
319,bertha_tillman,142,511.0,Billboard,0511\salami_chords.txt,oh_my_angel,319,nan,nan,
320,rolling_stones,203,512.0,Billboard,0512\salami_chords.txt,going_to__go-go,320,nan,nan,
321,etta_james,178,515.0,Billboard,0515\salami_chords.txt,fool_that_i_am,321,nan,nan,
322,nat_king_cole,145,516.0,Billboard,0516\salami_chords.txt,those_lazy-hazy-crazy_days_of_summer,322,nan,nan,
323,george_harrison,227,517.0,Billboard,0517\salami_chords.txt,years_ago,323,nan,nan,
324,"crosby,_stills_and_nash",449,518.0,Billboard,0518\salami_chords.txt,suite,324,nan,nan,
325,tina_turner,434,524.0,Billboard,0524\salami_chords.txt,private_dancer,325,nan,nan,
326,led_zeppelin,335,525.0,Billboard,0525\salami_chords.txt,trampled_under_foot,326,nan,nan,
327,pet_shop_boys,259,526.0,Billboard,0526\salami_chords.txt,love_comes_quickly,327,nan,nan,
328,tommy_james,245,528.0,Billboard,0528\salami_chords.txt,crystal_blue_persuasion,328,nan,nan,
329,tracie_spencer,307,530.0,Billboard,0530\salami_chords.txt,this_house,329,nan,nan,
330,kate_bush,301,531.0,Billboard,0531\salami_chords.txt,running_up_that_hill,330,nan,nan,
331,james_brown,179,533.0,Billboard,0533\salami_chords.txt,baby_youre_right,331,nan,nan,
332,cheap_trick,238,539.0,Billboard,0539\salami_chords.txt,stop_this_game,332,nan,nan,
333,billy_preston,222,540.0,Billboard,0540\salami_chords.txt,with_you_im_born_again,333,nan,nan,
334,wham!,234,542.0,Billboard,0542\salami_chords.txt,wake_me_up_before_you_go-go,334,nan,nan,
335,elvis_presley,192,543.0,Billboard,0543\salami_chords.txt,if_i_can_dream,335,nan,nan,
336,jackson_browne,241,545.0,Billboard,0545\salami_chords.txt,redneck_friend,336,nan,nan,
337,trammps,217,546.0,Billboard,0546\salami_chords.txt,disco_inferno,337,nan,nan,
338,michael_johnson,234,547.0,Billboard,0547\salami_chords.txt,almost_by_being_in_love,338,nan,nan,
339,swingin_medallions,138,549.0,Billboard,0549\salami_chords.txt,double_shot_of_my_babys_love,339,nan,nan,
340,peaches_and_herb,333,550.0,Billboard,0550\salami_chords.txt,shake_your_groove_thing,340,nan,nan,
341,michael_sembello,253,553.0,Billboard,0553\salami_chords.txt,maniac,341,nan,nan,
342,moments,139,554.0,Billboard,0554\salami_chords.txt,walk_right_in,342,nan,nan,
343,cheap_trick,256,555.0,Billboard,0555\salami_chords.txt,surrender,343,nan,nan,
344,dolly_parton,158,559.0,Billboard,0559\salami_chords.txt,baby_im_burnin,344,nan,nan,
345,simon_and_garfunkel,177,560.0,Billboard,0560\salami_chords.txt,cecilia,345,nan,nan,
346,jackson_browne,201,561.0,Billboard,0561\salami_chords.txt,boulevard,346,nan,nan,
347,elvis_presley,132,565.0,Billboard,0565\salami_chords.txt,judy,347,nan,nan,
348,roxette,238,567.0,Billboard,0567\salami_chords.txt,look,348,nan,nan,
349,roxy,227,568.0,Billboard,0568\salami_chords.txt,dance_away,349,nan,nan,
350,dave_dudley,144,570.0,Billboard,0570\salami_chords.txt,six_days_on__road,350,nan,nan,
351,gary_us_bonds,151,571.0,Billboard,0571\salami_chords.txt,quarter_to_three,351,nan,nan,
352,baltimora,232,572.0,Billboard,0572\salami_chords.txt,"tarzan_boy_from_""teenage_mutant_ninja_turtles_iii""",352,nan,nan,
353,al_green,167,573.0,Billboard,0573\salami_chords.txt,"oh_me,_oh_my_dreams_in_my_arms",353,nan,nan,
354,canned_heat,170,577.0,Billboard,0577\salami_chords.txt,lets_work_together,354,nan,nan,
355,anita_baker,261,578.0,Billboard,0578\salami_chords.txt,giving_you__best_that_i_got,355,nan,nan,
356,yardbirds,149,579.0,Billboard,0579\salami_chords.txt,heart_full_of_soul,356,nan,nan,
357,falcons,179,580.0,Billboard,0580\salami_chords.txt,i_found__love,357,nan,nan,
358,miracles,192,582.0,Billboard,0582\salami_chords.txt,i_dont_blame_you_at_all,358,nan,nan,
359,ben_e_king,185,583.0,Billboard,0583\salami_chords.txt,amor,359,nan,nan,
360,clarence_carter,138,585.0,Billboard,0585\salami_chords.txt,too_weak_to_fight,360,nan,nan,
361,righteous_brothers,218,587.0,Billboard,0587\salami_chords.txt,unchained_melody,361,nan,nan,
362,queen,183,588.0,Billboard,0588\salami_chords.txt,we_are__champions,362,nan,nan,
363,"crosby,_stills_and_nash",281,589.0,Billboard,0589\salami_chords.txt,southern_cross,363,nan,nan,
364,chico_debarge,233,590.0,Billboard,0590\salami_chords.txt,talk_to_me,364,nan,nan,
365,eagles,222,591.0,Billboard,0591\salami_chords.txt,long_run,365,nan,nan,
366,duran_duran,267,592.0,Billboard,0592\salami_chords.txt,all_she_wants_is,366,nan,nan,
367,yaz,347,594.0,Billboard,0594\salami_chords.txt,situation,367,nan,nan,
368,irma_thomas,134,598.0,Billboard,0598\salami_chords.txt,wish_someone_would_care,368,nan,nan,
369,alice_cooper,275,599.0,Billboard,0599\salami_chords.txt,hey_stoopid,369,nan,nan,
370,billy_swan,178,601.0,Billboard,0601\salami_chords.txt,i_can_help,370,nan,nan,
371,bb_king,244,605.0,Billboard,0605\salami_chords.txt,thrill_is_gone,371,nan,nan,
372,tom_d_hall,126,606.0,Billboard,0606\salami_chords.txt,i_love,372,nan,nan,
373,carl_carlton,155,607.0,Billboard,0607\salami_chords.txt,everlasting_love,373,nan,nan,
374,quarterflash,218,608.0,Billboard,0608\salami_chords.txt,harden_my_heart,374,nan,nan,
375,kiss,247,610.0,Billboard,0610\salami_chords.txt,rocket_ride,375,nan,nan,
376,sly_and__family_stone,324,614.0,Billboard,0614\salami_chords.txt,i_want_to_take_you_higher,376,nan,nan,
377,nick_gilder,189,615.0,Billboard,0615\salami_chords.txt,hot_child_in__city,377,nan,nan,
378,mrs_robinson,245,616.0,Billboard,0616\salami_chords.txt,simon_and_garfunkel,378,nan,nan,
379,elvis_presley,129,617.0,Billboard,0617\salami_chords.txt,his_latest_flame,379,nan,nan,
380,dean_martin,162,618.0,Billboard,0618\salami_chords.txt,everybody_loves_somebody,380,nan,nan,
381,marvin_gaye_and_tammy_terrell,146,619.0,Billboard,0619\salami_chords.txt,if_i_could_build_my_whole_world_around_you,381,nan,nan,
382,rod_stewart,199,620.0,Billboard,0620\salami_chords.txt,twisting__night_away,382,nan,nan,
383,ray_parker_jr,247,621.0,Billboard,0621\salami_chords.txt,ghostbusters_theme,383,nan,nan,
384,glen_campbell,147,623.0,Billboard,0623\salami_chords.txt,its_only_make_believe,384,nan,nan,
385,stevie_wonder,228,625.0,Billboard,0625\salami_chords.txt,higher_ground,385,nan,nan,
386,bonnie_raitt,233,627.0,Billboard,0627\salami_chords.txt,nick_of_time,386,nan,nan,
387,michael_jackson,258,629.0,Billboard,0629\salami_chords.txt,beat_it,387,nan,nan,
388,stevie_wonder,180,631.0,Billboard,0631\salami_chords.txt,if_you_really_love_me,388,nan,nan,
389,daryl_hall_and_john_oates,274,633.0,Billboard,0633\salami_chords.txt,maneater,389,nan,nan,
390,beastie_boys,159,634.0,Billboard,0634\salami_chords.txt,brass_monkey,390,nan,nan,
391,jan_and_dean,167,635.0,Billboard,0635\salami_chords.txt,little_old_lady_from_pasadena,391,nan,nan,
392,michael_jackson,246,637.0,Billboard,0637\salami_chords.txt,human_nature,392,nan,nan,
393,johnny_tillotson,157,638.0,Billboard,0638\salami_chords.txt,out_of_my_mind,393,nan,nan,
394,james_brown,166,640.0,Billboard,0640\salami_chords.txt,think,394,nan,nan,
395,music_machine,172,643.0,Billboard,0643\salami_chords.txt,people_in_me,395,nan,nan,
396,otis_redding,165,645.0,Billboard,0645\salami_chords.txt,sittin_on__dock_of__bay,396,nan,nan,
397,anita_baker,318,647.0,Billboard,0647\salami_chords.txt,caught_up_in__rapture,397,nan,nan,
398,pet_shop_boys,260,648.0,Billboard,0648\salami_chords.txt,what_have_i_done_to_deserve_this?,398,nan,nan,
399,supremes,182,649.0,Billboard,0649\salami_chords.txt,stoned_love,399,nan,nan,
400,louis_armstrong,148,650.0,Billboard,0650\salami_chords.txt,hello_dolly,400,nan,nan,
401,weather_girls,209,651.0,Billboard,0651\salami_chords.txt,its_raining_men,401,nan,nan,
402,soft_cell,161,654.0,Billboard,0654\salami_chords.txt,tainted_love,402,nan,nan,
403,eric_carmen,321,655.0,Billboard,0655\salami_chords.txt,sunrise,403,nan,nan,
404,dr_hook,196,656.0,Billboard,0656\salami_chords.txt,years_from_now,404,nan,nan,
405,elvis_presley,128,658.0,Billboard,0658\salami_chords.txt,ask_me,405,nan,nan,
406,j_geils_band,228,662.0,Billboard,0662\salami_chords.txt,looking_for__love,406,nan,nan,
407,pointer_sisters,220,663.0,Billboard,0663\salami_chords.txt,hes_so_shy,407,nan,nan,
408,joni_mitchell,168,668.0,Billboard,0668\salami_chords.txt,big_yellow_taxi,408,nan,nan,
409,queensryche,348,670.0,Billboard,0670\salami_chords.txt,silent_lucidity,409,nan,nan,
410,kendalls,145,671.0,Billboard,0671\salami_chords.txt,heavens_just__sin_away,410,nan,nan,
411,jackie_wilson,231,672.0,Billboard,0672\salami_chords.txt,baby_workout,411,nan,nan,
412,fireballs,124,674.0,Billboard,0674\salami_chords.txt,sugar_shack,412,nan,nan,
413,joe_cocker,193,675.0,Billboard,0675\salami_chords.txt,with__little_help_from_my_friends,413,nan,nan,
414,wilson_pickett,145,677.0,Billboard,0677\salami_chords.txt,dont_knock_my_love_-_pt_1,414,nan,nan,
415,otis_redding,161,678.0,Billboard,0678\salami_chords.txt,chained_and_bound,415,nan,nan,
416,u2,296,681.0,Billboard,0681\salami_chords.txt,with_or_without_you,416,nan,nan,
417,stevie_wonder,314,683.0,Billboard,0683\salami_chords.txt,that_girl,417,nan,nan,
418,inxs,190,687.0,Billboard,0687\salami_chords.txt,need_you_tonight,418,nan,nan,
419,canned_heat,303,688.0,Billboard,0688\salami_chords.txt,on__road_again,419,nan,nan,
420,jan_and_dean,165,689.0,Billboard,0689\salami_chords.txt,"anaheim,_azusa_and_cucamonga_sewing_circle,_book_review_and_timing_association",420,nan,nan,
421,juice_newton,210,690.0,Billboard,0690\salami_chords.txt,queen_of_hearts,421,nan,nan,
422,neville_brothers,267,691.0,Billboard,0691\salami_chords.txt,tell_it_like_it_is,422,nan,nan,
423,rita_coolidge,210,692.0,Billboard,0692\salami_chords.txt,fever,423,nan,nan,
424,brenda_lee,172,696.0,Billboard,0696\salami_chords.txt,too_many_rivers,424,nan,nan,
425,jeff_beck,296,698.0,Billboard,0698\salami_chords.txt,people_get_ready,425,nan,nan,
426,bachman-turner_overdrive,234,699.0,Billboard,0699\salami_chords.txt,heartaches,426,nan,nan,
427,chicago,200,700.0,Billboard,0700\salami_chords.txt,does_anybody_really_know_what_time_it_is,427,nan,nan,
428,billy_idol,253,701.0,Billboard,0701\salami_chords.txt,white_wedding,428,nan,nan,
429,gladys_knight_and__pips,195,705.0,Billboard,0705\salami_chords.txt,baby_dont_change_your_mind,429,nan,nan,
430,jethro_tull,203,706.0,Billboard,0706\salami_chords.txt,living_in__past,430,nan,nan,
431,rod_bernard,165,707.0,Billboard,0707\salami_chords.txt,this_should_go_on_forever,431,nan,nan,
432,daryl_hall_and_john_oates,186,708.0,Billboard,0708\salami_chords.txt,sara_smile,432,nan,nan,
433,john_denver,243,711.0,Billboard,0711\salami_chords.txt,some_days_are_diamonds_some_days_are_stone,433,nan,nan,
434,jerry_reed,155,713.0,Billboard,0713\salami_chords.txt,ko-ko_joe,434,nan,nan,
435,commodores,241,716.0,Billboard,0716\salami_chords.txt,lady_you_bring_me_up,435,nan,nan,
436,john_denver,286,720.0,Billboard,0720\salami_chords.txt,rocky_mountain_high,436,nan,nan,
437,dinah_washington,136,722.0,Billboard,0722\salami_chords.txt,where_are_you,437,nan,nan,
438,badfinger,169,723.0,Billboard,0723\salami_chords.txt,maybe_tomorrow,438,nan,nan,
439,etta_james,159,726.0,Billboard,0726\salami_chords.txt,would_it_make_any_difference_to_you,439,nan,nan,
440,beatles,164,727.0,Billboard,0727\salami_chords.txt,eight_days__week,440,nan,nan,
441,neil_sedaka,139,728.0,Billboard,0728\salami_chords.txt,breaking_up_is_hard_to_do,441,nan,nan,
442,psychedelic_furs,280,729.0,Billboard,0729\salami_chords.txt,pretty_in_pink,442,nan,nan,
443,kenny_rogers,223,731.0,Billboard,0731\salami_chords.txt,lucille,443,nan,nan,
444,dean_martin,143,734.0,Billboard,0734\salami_chords.txt,i_will,444,nan,nan,
445,earth_wind_and_fire,226,735.0,Billboard,0735\salami_chords.txt,getaway,445,nan,nan,
446,stevie_wonder,629,736.0,Billboard,0736\salami_chords.txt,do_i_do,446,nan,nan,
447,cliff_richard,159,740.0,Billboard,0740\salami_chords.txt,living_doll,447,nan,nan,
448,pat_benatar,251,741.0,Billboard,0741\salami_chords.txt,love_is__battlefield,448,nan,nan,
449,blondie,208,743.0,Billboard,0743\salami_chords.txt,one_way_or_another,449,nan,nan,
450,louis_prima_and_keely_smith,177,746.0,Billboard,0746\salami_chords.txt,that_old_black_magic,450,nan,nan,
451,tracy_chapman,194,747.0,Billboard,0747\salami_chords.txt,baby_can_i_hold_you,451,nan,nan,
452,ray_charles,179,748.0,Billboard,0748\salami_chords.txt,crying_time,452,nan,nan,
453,led_zepplin,263,749.0,Billboard,0749\salami_chords.txt,dyer_maker,453,nan,nan,
454,elton_john,322,752.0,Billboard,0752\salami_chords.txt,levon,454,nan,nan,
455,jimmy_buffett,189,758.0,Billboard,0758\salami_chords.txt,come_monday,455,nan,nan,
456,dr_hook,184,761.0,Billboard,0761\salami_chords.txt,walk_right_in,456,nan,nan,
457,grand_funk_railroad,245,762.0,Billboard,0762\salami_chords.txt,walk_like__man,457,nan,nan,
458,paper_lace,217,767.0,Billboard,0767\salami_chords.txt,night_chicago_died,458,nan,nan,
459,cowsills,212,770.0,Billboard,0770\salami_chords.txt,hair,459,nan,nan,
460,paul_mccartney,283,772.0,Billboard,0772\salami_chords.txt,press,460,nan,nan,
461,fats_domino,142,773.0,Billboard,0773\salami_chords.txt,i_want_to_walk_you_home,461,nan,nan,
462,marc_cohn,256,775.0,Billboard,0775\salami_chords.txt,walking_in_memphis,462,nan,nan,
463,fontella_bass,173,777.0,Billboard,0777\salami_chords.txt,rescue_me,463,nan,nan,
464,charlie_rich,166,779.0,Billboard,0779\salami_chords.txt,very_special_love_song,464,nan,nan,
465,righteous_brothers,189,785.0,Billboard,0785\salami_chords.txt,soul_and_inspiration,465,nan,nan,
466,johnny_cash,137,787.0,Billboard,0787\salami_chords.txt,ways_of__woman_in_love,466,nan,nan,
467,floyd_cramer,150,788.0,Billboard,0788\salami_chords.txt,last_date,467,nan,nan,
468,bruce_channel,143,789.0,Billboard,0789\salami_chords.txt,hey_baby,468,nan,nan,
469,brenda_lee,154,790.0,Billboard,0790\salami_chords.txt,everybody_loves_me_but_you,469,nan,nan,
470,eric_carmen,248,791.0,Billboard,0791\salami_chords.txt,hungry_eyes,470,nan,nan,
471,chuck_berry,141,792.0,Billboard,0792\salami_chords.txt,almost_grown,471,nan,nan,
472,elvis_presley,274,793.0,Billboard,0793\salami_chords.txt,my_way,472,nan,nan,
473,billy_idol,222,794.0,Billboard,0794\salami_chords.txt,catch_my_fall,473,nan,nan,
474,barry_white,204,796.0,Billboard,0796\salami_chords.txt,"youre__first,__last,_my_everything",474,nan,nan,
475,teddy_pendergrass,244,797.0,Billboard,0797\salami_chords.txt,i_dont_love_you_anymore,475,nan,nan,
476,allman_brothers,227,798.0,Billboard,0798\salami_chords.txt,straight_from__heart,476,nan,nan,
477,waylon_jennings,129,802.0,Billboard,0802\salami_chords.txt,theme_from__dukes_of_hazzard,477,nan,nan,
478,cyndi_lauper,228,803.0,Billboard,0803\salami_chords.txt,true_colors,478,nan,nan,
479,"earth,_wind_and_fire",148,804.0,Billboard,0804\salami_chords.txt,september,479,nan,nan,
480,rita_coolidge,220,806.0,Billboard,0806\salami_chords.txt,were_all_alone,480,nan,nan,
481,meat_loaf,290,807.0,Billboard,0807\salami_chords.txt,you_took__words_right_out_of_my_mouth,481,nan,nan,
482,everly_brothers,156,809.0,Billboard,0809\salami_chords.txt,on__wings_of__nightingale,482,nan,nan,
483,poison,229,810.0,Billboard,0810\salami_chords.txt,unskinny_bop,483,nan,nan,
484,jermaine_jackson,216,811.0,Billboard,0811\salami_chords.txt,lets_get_serious,484,nan,nan,
485,rick_james,202,812.0,Billboard,0812\salami_chords.txt,super_freak_part_one,485,nan,nan,
486,leslie_gore,170,813.0,Billboard,0813\salami_chords.txt,california_nights,486,nan,nan,
487,marty_robbins,237,814.0,Billboard,0814\salami_chords.txt,big_iron,487,nan,nan,
488,david_bowie,192,818.0,Billboard,0818\salami_chords.txt,blue_jean,488,nan,nan,
489,marvin_gaye,151,819.0,Billboard,0819\salami_chords.txt,mercy_mercy_me__ecology,489,nan,nan,
490,cher,246,821.0,Billboard,0821\salami_chords.txt,just_like_jesse_james,490,nan,nan,
491,lavern_baker,156,822.0,Billboard,0822\salami_chords.txt,i_cried__tear,491,nan,nan,
492,bill_withers,247,823.0,Billboard,0823\salami_chords.txt,lovely_day,492,nan,nan,
493,paul_simon,195,824.0,Billboard,0824\salami_chords.txt,50_ways_to_leave_your_lover,493,nan,nan,
494,biz_markie,241,827.0,Billboard,0827\salami_chords.txt,just__friend,494,nan,nan,
495,amboy_dukes,215,828.0,Billboard,0828\salami_chords.txt,journey_to__center_of__mind,495,nan,nan,
496,bob_seger_and__silver_bullet_band,244,830.0,Billboard,0830\salami_chords.txt,trying_to_live_my_life_without_you,496,nan,nan,
497,dr_hook,213,831.0,Billboard,0831\salami_chords.txt,sexy_eyes,497,nan,nan,
498,oliver,219,834.0,Billboard,0834\salami_chords.txt,good_morning_starshine,498,nan,nan,
499,anita_baker,266,837.0,Billboard,0837\salami_chords.txt,sweet_love,499,nan,nan,
500,beach_boys,129,838.0,Billboard,0838\salami_chords.txt,surfin_safari,500,nan,nan,
501,steppenwolf,210,841.0,Billboard,0841\salami_chords.txt,born_to_be_wild,501,nan,nan,
502,elton_john,195,842.0,Billboard,0842\salami_chords.txt,goodbye_yellow_brick_road,502,nan,nan,
503,cher,241,843.0,Billboard,0843\salami_chords.txt,if_i_could_turn_back_time,503,nan,nan,
504,talking_heads,241,844.0,Billboard,0844\salami_chords.txt,burning_down__house,504,nan,nan,
505,george_harrison,235,845.0,Billboard,0845\salami_chords.txt,i_got_my_mind_set_on_you,505,nan,nan,
506,bread,157,847.0,Billboard,0847\salami_chords.txt,sweet_surrender,506,nan,nan,
507,castaways,115,848.0,Billboard,0848\salami_chords.txt,"liar,_liar",507,nan,nan,
508,creedence_clearwater_revival,133,852.0,Billboard,0852\salami_chords.txt,bad_moon_rising,508,nan,nan,
509,beatles,176,853.0,Billboard,0853\salami_chords.txt,i_saw_her_standing_there,509,nan,nan,
510,hi-five,238,856.0,Billboard,0856\salami_chords.txt,i_like__way__kissing_game,510,nan,nan,
511,james_brown,319,857.0,Billboard,0857\salami_chords.txt,get_up_i_feel_like_being_like__sex_machine_part_1,511,nan,nan,
512,nitty_gritty_dirt_band,235,859.0,Billboard,0859\salami_chords.txt,make__little_magic,512,nan,nan,
513,judas_priest,311,861.0,Billboard,0861\salami_chords.txt,youve_got_another_thing_comin,513,nan,nan,
514,oak_ridge_boys,161,864.0,Billboard,0864\salami_chords.txt,elvira,514,nan,nan,
515,rick_springfield,181,865.0,Billboard,0865\salami_chords.txt,dont_talk_to_strangers,515,nan,nan,
516,freddy_fender,215,872.0,Billboard,0872\salami_chords.txt,secret_love,516,nan,nan,
517,elvis_presley,232,875.0,Billboard,0875\salami_chords.txt,she_thinks_i_still_care,517,nan,nan,
518,run-dmc,312,879.0,Billboard,0879\salami_chords.txt,walk_this_way,518,nan,nan,
519,metallica,444,884.0,Billboard,0884\salami_chords.txt,one,519,nan,nan,
520,wang_chung,240,886.0,Billboard,0886\salami_chords.txt,dance_hall_days,520,nan,nan,
521,de_la_soul,221,887.0,Billboard,0887\salami_chords.txt,me_myself_and_i,521,nan,nan,
522,steve_winwood,415,889.0,Billboard,0889\salami_chords.txt,don_t_you_know_what__night_can_do,522,nan,nan,
523,ray_charles,184,890.0,Billboard,0890\salami_chords.txt,lets_go_get_stoned,523,nan,nan,
524,who,132,891.0,Billboard,0891\salami_chords.txt,happy_jack,524,nan,nan,
525,edwin_starr,209,893.0,Billboard,0893\salami_chords.txt,war,525,nan,nan,
526,abba,222,894.0,Billboard,0894\salami_chords.txt,on_and_on_and_on,526,nan,nan,
527,todd_rundgren,179,895.0,Billboard,0895\salami_chords.txt,dream_goes_on_forever,527,nan,nan,
528,eric_clapton,250,898.0,Billboard,0898\salami_chords.txt,i_cant_stand_it,528,nan,nan,
529,temptations,174,900.0,Billboard,0900\salami_chords.txt,i_wish_it_would_rain,529,nan,nan,
530,james_taylor,203,901.0,Billboard,0901\salami_chords.txt,country_road,530,nan,nan,
531,abba,174,902.0,Billboard,0902\salami_chords.txt,honey_honey,531,nan,nan,
532,kinks,157,904.0,Billboard,0904\salami_chords.txt,till__end_of__day,532,nan,nan,
533,"crosby,_stills_and_nash",174,905.0,Billboard,0905\salami_chords.txt,teach_your_children,533,nan,nan,
534,milli_vanilli,253,913.0,Billboard,0913\salami_chords.txt,girl_you_know_it_s_true,534,nan,nan,
535,dr_hook,196,914.0,Billboard,0914\salami_chords.txt,if_not_you,535,nan,nan,
536,bobby_womack,190,915.0,Billboard,0915\salami_chords.txt,sweet_caroline_good_times_never_seemed_so_good,536,nan,nan,
537,anne_murray,164,917.0,Billboard,0917\salami_chords.txt,love_song,537,nan,nan,
538,billy_idol,218,920.0,Billboard,0920\salami_chords.txt,hot_in__city,538,nan,nan,
539,ritchie_family,194,925.0,Billboard,0925\salami_chords.txt,best_disco_in_town,539,nan,nan,
540,ventures,126,926.0,Billboard,0926\salami_chords.txt,perfidia,540,nan,nan,
541,little_anthony_and__imperials,160,927.0,Billboard,0927\salami_chords.txt,"out_of_sight,_out_of_mind",541,nan,nan,
542,tommy_james,175,928.0,Billboard,0928\salami_chords.txt,mony_mony,542,nan,nan,
543,rock_and_hyde,258,929.0,Billboard,0929\salami_chords.txt,dirty_water,543,nan,nan,
544,cornelius_brothers_and_sister_rose,166,932.0,Billboard,0932\salami_chords.txt,treat_her_like__lady,544,nan,nan,
545,ray_charles,180,933.0,Billboard,0933\salami_chords.txt,eleanor_rigby,545,nan,nan,
546,box_tops,155,935.0,Billboard,0935\salami_chords.txt,cry_like__baby,546,nan,nan,
547,bob_seger,355,941.0,Billboard,0941\salami_chords.txt,like__rock,547,nan,nan,
548,wilson_pickett,146,943.0,Billboard,0943\salami_chords.txt,i_found__true_love,548,nan,nan,
549,dolly_parton,238,944.0,Billboard,0944\salami_chords.txt,starting_over_again,549,nan,nan,
550,doors,431,945.0,Billboard,0945\salami_chords.txt,riders_on__storm,550,nan,nan,
551,miracles,168,946.0,Billboard,0946\salami_chords.txt,i_second_that_emotion,551,nan,nan,
552,simon_and_garfunkel,199,947.0,Billboard,0947\salami_chords.txt,fakin_it,552,nan,nan,
553,chubby_checker,156,948.0,Billboard,0948\salami_chords.txt,twist,553,nan,nan,
554,sonny_and_cher,160,950.0,Billboard,0950\salami_chords.txt,all_i_ever_need_is_you,554,nan,nan,
555,boston,252,952.0,Billboard,0952\salami_chords.txt,feelin_satisfied,555,nan,nan,
556,allan_parsons_project,239,956.0,Billboard,0956\salami_chords.txt,eye_in__sky,556,nan,nan,
557,rolling_stones,289,958.0,Billboard,0958\salami_chords.txt,miss_you,557,nan,nan,
558,abba,242,961.0,Billboard,0961\salami_chords.txt,take__chance_on_me,558,nan,nan,
559,billy_squier,208,963.0,Billboard,0963\salami_chords.txt,stroke,559,nan,nan,
560,sopwith_camel,145,964.0,Billboard,0964\salami_chords.txt,hello_hello,560,nan,nan,
561,arthur_conley,143,965.0,Billboard,0965\salami_chords.txt,sweet_soul_music,561,nan,nan,
562,george_benson,342,967.0,Billboard,0967\salami_chords.txt,breezin,562,nan,nan,
563,brenda_lee,125,968.0,Billboard,0968\salami_chords.txt,coming_on_strong,563,nan,nan,
564,billy_joel,179,969.0,Billboard,0969\salami_chords.txt,dont_ask_me_why,564,nan,nan,
565,david_bowie,289,970.0,Billboard,0970\salami_chords.txt,modern_love,565,nan,nan,
566,pat_benatar,248,973.0,Billboard,0973\salami_chords.txt,little_too_late,566,nan,nan,
567,beach_boys,218,974.0,Billboard,0974\salami_chords.txt,kokomo_from__cocktail_soundtrack,567,nan,nan,
568,isaac_hayes,674,978.0,Billboard,0978\salami_chords.txt,look_of_love,568,nan,nan,
569,culture_club,255,979.0,Billboard,0979\salami_chords.txt,karma_chameleon,569,nan,nan,
570,bananarama,222,981.0,Billboard,0981\salami_chords.txt,venus,570,nan,nan,
571,natalie_cole,193,982.0,Billboard,0982\salami_chords.txt,unforgettable,571,nan,nan,
572,barbara_lewis,161,984.0,Billboard,0984\salami_chords.txt,hello_stranger,572,nan,nan,
573,jacksons,158,985.0,Billboard,0985\salami_chords.txt,dancing_machine,573,nan,nan,
574,leo_sayer,174,986.0,Billboard,0986\salami_chords.txt,you_make_me_feel_like_dancing,574,nan,nan,
575,yardbirds,145,990.0,Billboard,0990\salami_chords.txt,shapes_of_things,575,nan,nan,
576,elton_john,218,991.0,Billboard,0991\salami_chords.txt,bitch_is_back,576,nan,nan,
577,commodores,265,992.0,Billboard,0992\salami_chords.txt,nightshift,577,nan,nan,
578,elvis_presley,180,993.0,Billboard,0993\salami_chords.txt,there_goes_my_everything,578,nan,nan,
579,laura_branigan,234,995.0,Billboard,0995\salami_chords.txt,gloria,579,nan,nan,
580,j_geils_band,240,1002.0,Billboard,1002\salami_chords.txt,freeze-frame,580,nan,nan,
581,player,218,1003.0,Billboard,1003\salami_chords.txt,baby_come_back,581,nan,nan,
582,roy_drusky,164,1006.0,Billboard,1006\salami_chords.txt,three_hearts_in__tangle,582,nan,nan,
583,dr_hook,181,1009.0,Billboard,1009\salami_chords.txt,millionaire,583,nan,nan,
584,cyndi_lauper,253,1011.0,Billboard,1011\salami_chords.txt,i_drove_all_night,584,nan,nan,
585,sting,296,1012.0,Billboard,1012\salami_chords.txt,all_this_time,585,nan,nan,
586,debarge,248,1013.0,Billboard,1013\salami_chords.txt,time_will_reveal,586,nan,nan,
587,wild_cherry,199,1014.0,Billboard,1014\salami_chords.txt,play_that_funky_music,587,nan,nan,
588,wilson_pickett,159,1018.0,Billboard,1018\salami_chords.txt,in__midnight_hour,588,nan,nan,
589,prince_and_sheena_easton,268,1019.0,Billboard,1019\salami_chords.txt,arms_of_orion,589,nan,nan,
590,dramatics,211,1020.0,Billboard,1020\salami_chords.txt,hey_you!_get_off_my_mountain,590,nan,nan,
591,wilson_pickett,160,1021.0,Billboard,1021\salami_chords.txt,soul_dance_number_3,591,nan,nan,
592,jimmy_reed,170,1024.0,Billboard,1024\salami_chords.txt,baby_what_you_want_me_to_do,592,nan,nan,
593,greg_kihn,267,1027.0,Billboard,1027\salami_chords.txt,lucky,593,nan,nan,
594,tina_turner,256,1031.0,Billboard,1031\salami_chords.txt,we_don_t_need_another_hero_thunderdome,594,nan,nan,
595,james_brown,286,1032.0,Billboard,1032\salami_chords.txt,down_and_out_in_new_york_city,595,nan,nan,
596,byrds,208,1033.0,Billboard,1033\salami_chords.txt,goin_back,596,nan,nan,
597,greatful_dead,199,1034.0,Billboard,1034\salami_chords.txt,sugar_magnolia,597,nan,nan,
598,gene_pitney,172,1037.0,Billboard,1037\salami_chords.txt,town_without,598,nan,nan,
599,milli_vanilli,238,1039.0,Billboard,1039\salami_chords.txt,girl_i_m_gonna_miss_you,599,nan,nan,
600,eric_clapton,231,1040.0,Billboard,1040\salami_chords.txt,lay_down_sally,600,nan,nan,
601,johnny_tillotson,170,1041.0,Billboard,1041\salami_chords.txt,it_keeps_right_on_-hurtin,601,nan,nan,
602,aretha_franklin,222,1042.0,Billboard,1042\salami_chords.txt,oh_me_oh_my_im__fool_for_you_baby,602,nan,nan,
603,duran_duran,250,1043.0,Billboard,1043\salami_chords.txt,is_there_something_i_should_know,603,nan,nan,
604,jimmy_ruffin,169,1044.0,Billboard,1044\salami_chords.txt,ive_passed_this_way_before,604,nan,nan,
605,jefferson_starship,198,1045.0,Billboard,1045\salami_chords.txt,count_on_me,605,nan,nan,
606,eddie_holland,145,1046.0,Billboard,1046\salami_chords.txt,jamie,606,nan,nan,
607,bj_thomas,191,1048.0,Billboard,1048\salami_chords.txt,hooked_on__feeling,607,nan,nan,
608,billy_squier,211,1051.0,Billboard,1051\salami_chords.txt,my_kinda_lover,608,nan,nan,
609,pink_floyd,240,1052.0,Billboard,1052\salami_chords.txt,another_brick_in__wall_part_ii,609,nan,nan,
610,pat_benatar,207,1053.0,Billboard,1053\salami_chords.txt,heartbreaker,610,nan,nan,
611,marty_robbins,200,1054.0,Billboard,1054\salami_chords.txt,i_walk_alone,611,nan,nan,
612,elvis_presley,155,1055.0,Billboard,1055\salami_chords.txt,my_wish_came_true,612,nan,nan,
613,"earth,_wind_and_fire",281,1056.0,Billboard,1056\salami_chords.txt,after__love_has_gone,613,nan,nan,
614,bill_withers,126,1058.0,Billboard,1058\salami_chords.txt,aint_no_sunshine,614,nan,nan,
615,hank_snow,167,1059.0,Billboard,1059\salami_chords.txt,ive_been_everywhere,615,nan,nan,
616,eagles,275,1061.0,Billboard,1061\salami_chords.txt,best_of_my_love,616,nan,nan,
617,fabulous_thunderbirds,203,1062.0,Billboard,1062\salami_chords.txt,tuff_enuff,617,nan,nan,
618,dion,158,1063.0,Billboard,1063\salami_chords.txt,this_little_girl,618,nan,nan,
619,robert_john,253,1064.0,Billboard,1064\salami_chords.txt,sad_eyes,619,nan,nan,
620,bruce_springsteen,274,1066.0,Billboard,1066\salami_chords.txt,my_hometown,620,nan,nan,
621,j_geils_band,181,1069.0,Billboard,1069\salami_chords.txt,must_of_got_lost,621,nan,nan,
622,babys,243,1070.0,Billboard,1070\salami_chords.txt,every_time_i_think_of_you,622,nan,nan,
623,bob_seger,216,1071.0,Billboard,1071\salami_chords.txt,rock_and_roll_never_forgets,623,nan,nan,
624,fats_domino,136,1072.0,Billboard,1072\salami_chords.txt,be_my_guest,624,nan,nan,
625,cliff_richard,215,1073.0,Billboard,1073\salami_chords.txt,devil_woman,625,nan,nan,
626,todd_rundgren,216,1076.0,Billboard,1076\salami_chords.txt,can_we_still_be_friends,626,nan,nan,
627,switch,217,1078.0,Billboard,1078\salami_chords.txt,therell_never_be,627,nan,nan,
628,alabama,224,1082.0,Billboard,1082\salami_chords.txt,take_me_down,628,nan,nan,
629,chicago,266,1085.0,Billboard,1085\salami_chords.txt,make_me_smile,629,nan,nan,
630,thelma_houston,222,1086.0,Billboard,1086\salami_chords.txt,dont_leave_me_this_way,630,nan,nan,
631,joan_baez,195,1087.0,Billboard,1087\salami_chords.txt,there_but_for_fortune,631,nan,nan,
632,heart,245,1089.0,Billboard,1089\salami_chords.txt,who_will_you_run_to,632,nan,nan,
633,crystals,143,1094.0,Billboard,1094\salami_chords.txt,theres_no_other_like_my_baby,633,nan,nan,
634,meters,196,1096.0,Billboard,1096\salami_chords.txt,look-ka_py_py,634,nan,nan,
635,dion,147,1101.0,Billboard,1101\salami_chords.txt,i_was_born_to_cry,635,nan,nan,
636,stray_cats,205,1102.0,Billboard,1102\salami_chords.txt,rock_this_town,636,nan,nan,
637,tina_turner,267,1104.0,Billboard,1104\salami_chords.txt,what_you_see_is_what_you_get,637,nan,nan,
638,young_mc,265,1106.0,Billboard,1106\salami_chords.txt,bust__move,638,nan,nan,
639,beatles,189,1107.0,Billboard,1107\salami_chords.txt,"ob-la-di,_ob-la-da",639,nan,nan,
640,rob_base,302,1109.0,Billboard,1109\salami_chords.txt,it_takes_two,640,nan,nan,
641,chuck_berry,197,1110.0,Billboard,1110\salami_chords.txt,reelin_and_rockin,641,nan,nan,
642,chris_kenner,149,1111.0,Billboard,1111\salami_chords.txt,land_of_1000_dances,642,nan,nan,
643,stephanie_mills,324,1112.0,Billboard,1112\salami_chords.txt,never_knew_love_like_this_before,643,nan,nan,
644,charlie_rich,130,1113.0,Billboard,1113\salami_chords.txt,lonely_weekends,644,nan,nan,
645,glen_campbell,187,1114.0,Billboard,1114\salami_chords.txt,wichita_lineman,645,nan,nan,
646,everly_brothers,186,1116.0,Billboard,1116\salami_chords.txt,ebony_eyes,646,nan,nan,
647,barbra_streisand,165,1118.0,Billboard,1118\salami_chords.txt,funny_girl,647,nan,nan,
648,los_lobos,223,1119.0,Billboard,1119\salami_chords.txt,will__wolf_survive,648,nan,nan,
649,simon_and_garfunel,138,1121.0,Billboard,1121\salami_chords.txt,hazy_shade_of_winter,649,nan,nan,
650,"david_crosby,graham_nash",215,1124.0,Billboard,1124\salami_chords.txt,carry_me,650,nan,nan,
651,roy_head,126,1125.0,Billboard,1125\salami_chords.txt,treat_her_right,651,nan,nan,
652,genesis,209,1126.0,Billboard,1126\salami_chords.txt,invisible_touch,652,nan,nan,
653,5th_dimension,211,1127.0,Billboard,1127\salami_chords.txt,one_less_bell_to_answer,653,nan,nan,
654,miracles,158,1134.0,Billboard,1134\salami_chords.txt,mighty_good_lovin,654,nan,nan,
655,kris_kristofferson,227,1135.0,Billboard,1135\salami_chords.txt,loving_her_was_easier,655,nan,nan,
656,mary_macgregor,223,1138.0,Billboard,1138\salami_chords.txt,torn_between_two_lovers,656,nan,nan,
657,waylon_jennings,176,1139.0,Billboard,1139\salami_chords.txt,are_you_sure_hank_done_it_this_way,657,nan,nan,
658,madonna,299,1140.0,Billboard,1140\salami_chords.txt,oh_father,658,nan,nan,
659,johnny_tillotson,159,1141.0,Billboard,1141\salami_chords.txt,talk_back_trembling_lips,659,nan,nan,
660,beatles,153,1142.0,Billboard,1142\salami_chords.txt,hard_days_night,660,nan,nan,
661,eddie_rabbitt,190,1143.0,Billboard,1143\salami_chords.txt,i_love__rainy_night,661,nan,nan,
662,tevin_campbell,258,1145.0,Billboard,1145\salami_chords.txt,tell_me_what_you_want_me_to_do,662,nan,nan,
663,dion,200,1146.0,Billboard,1146\salami_chords.txt,"abraham,_martin_and_john",663,nan,nan,
664,sonny_and_cher,198,1147.0,Billboard,1147\salami_chords.txt,cowboys_work_is_never_done,664,nan,nan,
665,duran_duran,228,1148.0,Billboard,1148\salami_chords.txt,i_don_t_want_your_love,665,nan,nan,
666,count_basie,254,1149.0,Billboard,1149\salami_chords.txt,going_to_chicago_blues,666,nan,nan,
667,simon_and_garfunkel,189,1153.0,Billboard,1153\salami_chords.txt,sounds_of_silence,667,nan,nan,
668,buck_owens,140,1154.0,Billboard,1154\salami_chords.txt,think_of_me,668,nan,nan,
669,jackson_browne,299,1155.0,Billboard,1155\salami_chords.txt,running_on_empty,669,nan,nan,
670,johnny_cash,125,1160.0,Billboard,1160\salami_chords.txt,i_got_stripes,670,nan,nan,
671,cliff_richard,181,1161.0,Billboard,1161\salami_chords.txt,daddys_home,671,nan,nan,
672,paul_mccartney_and_wings,248,1163.0,Billboard,1163\salami_chords.txt,my_love,672,nan,nan,
673,double_exposure,196,1164.0,Billboard,1164\salami_chords.txt,ten_percent,673,nan,nan,
674,billy_idol,291,1167.0,Billboard,1167\salami_chords.txt,rebel_yell,674,nan,nan,
675,bobbie_gentry,256,1168.0,Billboard,1168\salami_chords.txt,ode_to_billie_joe,675,nan,nan,
676,jesus_jones,186,1169.0,Billboard,1169\salami_chords.txt,"right_here,_right_now",676,nan,nan,
677,blue_cheer,226,1170.0,Billboard,1170\salami_chords.txt,summertime_blues,677,nan,nan,
678,bob_seger,326,1171.0,Billboard,1171\salami_chords.txt,night_moves,678,nan,nan,
679,madonna,352,1173.0,Billboard,1173\salami_chords.txt,live_to_tell,679,nan,nan,
680,little_river_band,241,1174.0,Billboard,1174\salami_chords.txt,happy_anniversary,680,nan,nan,
681,bob_seger,334,1177.0,Billboard,1177\salami_chords.txt,against__wind,681,nan,nan,
682,jacksons,180,1178.0,Billboard,1178\salami_chords.txt,i_want_you_back,682,nan,nan,
683,"emerson,_lake_and_palmer",281,1180.0,Billboard,1180\salami_chords.txt,lucky_man,683,nan,nan,
684,paul_revere_and__raiders,149,1181.0,Billboard,1181\salami_chords.txt,kicks,684,nan,nan,
685,sagittarius,230,1182.0,Billboard,1182\salami_chords.txt,my_world_fell_down,685,nan,nan,
686,michael_jackson,320,1188.0,Billboard,1188\salami_chords.txt,man_in__mirror,686,nan,nan,
687,dr_hook,166,1190.0,Billboard,1190\salami_chords.txt,only_sixteen,687,nan,nan,
688,four_tops,159,1192.0,Billboard,1192\salami_chords.txt,standing_in__shadows_of_love,688,nan,nan,
689,beatles,175,1193.0,Billboard,1193\salami_chords.txt,shes__woman,689,nan,nan,
690,tom_t_hall,165,1194.0,Billboard,1194\salami_chords.txt,year_that_clayton_delaney_died,690,nan,nan,
691,stray_cats,235,1197.0,Billboard,1197\salami_chords.txt,i_wont_stand_in_your_way,691,nan,nan,
692,doobie_brothers,179,1200.0,Billboard,1200\salami_chords.txt,echoes_of_love,692,nan,nan,
693,commodores,220,1201.0,Billboard,1201\salami_chords.txt,three_times__lady,693,nan,nan,
694,blondie,230,1203.0,Billboard,1203\salami_chords.txt,island_of_lost_souls,694,nan,nan,
695,bob_seger,273,1208.0,Billboard,1208\salami_chords.txt,even_now,695,nan,nan,
696,dion,152,1210.0,Billboard,1210\salami_chords.txt,lovers_who_wander,696,nan,nan,
697,lesley_gore,152,1211.0,Billboard,1211\salami_chords.txt,you_dont_own_me,697,nan,nan,
698,sonny_and_cher,189,1212.0,Billboard,1212\salami_chords.txt,baby_dont_go,698,nan,nan,
699,beatles,156,1213.0,Billboard,1213\salami_chords.txt,i_dont_want_to_spoil__party,699,nan,nan,
700,charlie_rich,176,1218.0,Billboard,1218\salami_chords.txt,behind_closed_doors,700,nan,nan,
701,rare_earth,170,1220.0,Billboard,1220\salami_chords.txt,get_ready,701,nan,nan,
702,wilson_pickett,153,1221.0,Billboard,1221\salami_chords.txt,im_in_love,702,nan,nan,
703,culture_club,156,1223.0,Billboard,1223\salami_chords.txt,ill_tumble_4_ya,703,nan,nan,
704,buck_owens,135,1225.0,Billboard,1225\salami_chords.txt,ive_got__tiger_by__tail,704,nan,nan,
705,bay_city_rollers,178,1228.0,Billboard,1228\salami_chords.txt,saturday_night,705,nan,nan,
706,bonnie_pointer,216,1232.0,Billboard,1232\salami_chords.txt,heaven_must_have_sent_you,706,nan,nan,
707,boston,256,1234.0,Billboard,1234\salami_chords.txt,amanda,707,nan,nan,
708,shirelles,164,1239.0,Billboard,1239\salami_chords.txt,will_you_love_me_tomorrow,708,nan,nan,
709,chicago,246,1240.0,Billboard,1240\salami_chords.txt,alive_again,709,nan,nan,
710,beatles,140,1244.0,Billboard,1244\salami_chords.txt,help!,710,nan,nan,
711,marie_osmond,162,1245.0,Billboard,1245\salami_chords.txt,paper_roses,711,nan,nan,
712,greg_kihn_band,175,1246.0,Billboard,1246\salami_chords.txt,happy_man,712,nan,nan,
713,willie_mitchell,137,1247.0,Billboard,1247\salami_chords.txt,20-75,713,nan,nan,
714,everly_brothers,142,1248.0,Billboard,1248\salami_chords.txt,thats_old_fashioned_thats__way_love_should_be,714,nan,nan,
715,steve_miller_band,189,1249.0,Billboard,1249\salami_chords.txt,rockn_me,715,nan,nan,
716,brenda_lee,166,1253.0,Billboard,1253\salami_chords.txt,all_alone_am_i,716,nan,nan,
717,genesis,527,1256.0,Billboard,1256\salami_chords.txt,abacab,717,nan,nan,
718,minnie_riperton,204,1257.0,Billboard,1257\salami_chords.txt,lovin_you,718,nan,nan,
719,kenny_rogers,235,1258.0,Billboard,1258\salami_chords.txt,lady,719,nan,nan,
720,simon_and_garfunkel,189,1261.0,Billboard,1261\salami_chords.txt,el_condor_pasa,720,nan,nan,
721,bobby_darin,181,1265.0,Billboard,1265\salami_chords.txt,if_i_were__carpenter,721,nan,nan,
722,rick_derringer,506,1267.0,Billboard,1267\salami_chords.txt,"rock_and_roll,_hoochie_koo",722,nan,nan,
723,edgar_winter,208,1268.0,Billboard,1268\salami_chords.txt,frankenstein,723,nan,nan,
724,elton_john,243,1269.0,Billboard,1269\salami_chords.txt,who_wears_these_shoes,724,nan,nan,
725,kaoma,204,1270.0,Billboard,1270\salami_chords.txt,lambada,725,nan,nan,
726,jan_and_dean,162,1272.0,Billboard,1272\salami_chords.txt,sidewalk_surfin,726,nan,nan,
727,cliff_richard,254,1273.0,Billboard,1273\salami_chords.txt,we_dont_talk_anymore,727,nan,nan,
728,milli_vanilli,388,1276.0,Billboard,1276\salami_chords.txt,baby_don_t_forget_my_number,728,nan,nan,
729,bob_seger,258,1277.0,Billboard,1277\salami_chords.txt,american_storm,729,nan,nan,
730,shannon,222,1279.0,Billboard,1279\salami_chords.txt,let__music_play,730,nan,nan,
731,van_halen,322,1281.0,Billboard,1281\salami_chords.txt,when_its_love,731,nan,nan,
732,george_harrison,238,1282.0,Billboard,1282\salami_chords.txt,crackerbox_palace,732,nan,nan,
733,diana_ross,223,1285.0,Billboard,1285\salami_chords.txt,upside_down,733,nan,nan,
734,taste_of_honey,223,1286.0,Billboard,1286\salami_chords.txt,sukiyaki,734,nan,nan,
735,johnny_horton,141,1287.0,Billboard,1287\salami_chords.txt,johnny_reb,735,nan,nan,
736,las,163,1289.0,Billboard,1289\salami_chords.txt,there_she_goes,736,nan,nan,
737,turtles,175,1290.0,Billboard,1290\salami_chords.txt,happy_together,737,nan,nan,
738,chiffons,116,1292.0,Billboard,1292\salami_chords.txt,hes_so_fine,738,nan,nan,
739,carole_king,179,,chordlib,Carole King\01 I Feel The Earth Move.lab,i_feel__earth_move,739,nan,nan,
740,carole_king,236,,chordlib,Carole King\02 So Far Away.lab,so_far_away,740,nan,nan,
741,carole_king,234,,chordlib,Carole King\03 It's Too Late.lab,its_too_late,741,nan,nan,
742,carole_king,149,,chordlib,Carole King\04 Home Again.lab,home_again,742,nan,nan,
743,carole_king,188,,chordlib,Carole King\05 Beautiful.lab,beautiful,743,nan,nan,
744,carole_king,284,,chordlib,Carole King\06 Way Over Yonder.lab,way_over_yonder,744,nan,nan,
745,carole_king,310,,chordlib,Carole King\07 You've Got A Friend.lab,youve_got__friend,745,nan,nan,
746,queen,358,,chordlib,Queen\Greatest Hits I\01 Bohemian Rhapsody.lab,bohemian_rhapsody,746,nan,nan,
747,queen,217,,chordlib,Queen\Greatest Hits I\02 Another One Bites The Dust.lab,another_one_bites__dust,747,nan,nan,
748,queen,205,,chordlib,Queen\Greatest Hits I\04 Fat Bottomed Girls.lab,fat_bottomed_girls,748,nan,nan,
749,queen,184,,chordlib,Queen\Greatest Hits I\05 Bicycle Race.lab,bicycle_race,749,nan,nan,
750,queen,172,,chordlib,Queen\Greatest Hits I\06 You're My Best Friend.lab,youre_my_best_friend,750,nan,nan,
751,queen,212,,chordlib,Queen\Greatest Hits I\07 Don't Stop Me Now.lab,dont_stop_me_now,751,nan,nan,
752,queen,229,,chordlib,Queen\Greatest Hits I\08 Save Me.lab,save_me,752,nan,nan,
753,queen,164,,chordlib,Queen\Greatest Hits I\09 Crazy Little Thing Called Love.lab,crazy_little_thing_called_love,753,nan,nan,
754,queen,298,,chordlib,Queen\Greatest Hits I\10 Somebody To Love.lab,somebody_to_love,754,nan,nan,
755,queen,176,,chordlib,Queen\Greatest Hits I\12 Good Old-Fashioned Lover Boy.lab,good_old_fashioned_lover_boy,755,nan,nan,
756,queen,213,,chordlib,Queen\Greatest Hits I\13 Play The Game.lab,play__game,756,nan,nan,
757,queen,170,,chordlib,Queen\Greatest Hits I\15 Seven Seas Of Rhye.lab,seven_seas_of_rhye,757,nan,nan,
758,queen,123,,chordlib,Queen\Greatest Hits I\16 We Will Rock You.lab,we_will_rock_you,758,nan,nan,
759,queen,263,,chordlib,Queen\Greatest Hits II\01 A Kind Of Magic.lab,kind_of_magic,759,nan,nan,
760,queen,242,,chordlib,Queen\Greatest Hits II\04 I Want It All.lab,i_want_it_all,760,nan,nan,
761,queen,242,,chordlib,Queen\Greatest Hits II\05 I Want To Break Free (2).lab,i_want_to_break_free_2,761,nan,nan,
762,queen,259,,chordlib,Queen\Greatest Hits II\05 I Want To Break Free.lab,i_want_to_break_free,762,nan,nan,
763,queen,297,,chordlib,Queen\Greatest Hits II\09 Who Wants To Live Forever.lab,who_wants_to_live_forever,763,nan,nan,
764,queen,221,,chordlib,Queen\Greatest Hits II\14 Hammer To Fall.lab,hammer_to_fall,764,nan,nan,
765,queen,249,,chordlib,Queen\Greatest Hits II\15 Friends Will Be Friends.lab,friends_will_be_friends,765,nan,nan,
766,beatles,249,,chordlib,The Beatles\01_-_Please_Please_Me\01_-_I_Saw_Her_Standing_There (2).lab,i_saw_her_standing_there_2,766,nan,nan,
767,beatles,110,,chordlib,The Beatles\01_-_Please_Please_Me\02_-_Misery.lab,misery,767,nan,nan,
768,beatles,178,,chordlib,The Beatles\01_-_Please_Please_Me\03_-_Anna_(Go_To_Him).lab,anna_go_to_him,768,nan,nan,
769,beatles,146,,chordlib,The Beatles\01_-_Please_Please_Me\04_-_Chains.lab,chains,769,nan,nan,
770,beatles,148,,chordlib,The Beatles\01_-_Please_Please_Me\05_-_Boys.lab,boys,770,nan,nan,
771,beatles,148,,chordlib,The Beatles\01_-_Please_Please_Me\06_-_Ask_Me_Why.lab,ask_me_why,771,nan,nan,
772,beatles,123,,chordlib,The Beatles\01_-_Please_Please_Me\07_-_Please_Please_Me.lab,please_please_me,772,nan,nan,
773,beatles,126,,chordlib,The Beatles\01_-_Please_Please_Me\09_-_P._S._I_Love_You.lab,p_s_i_love_you,773,nan,nan,
774,beatles,158,,chordlib,The Beatles\01_-_Please_Please_Me\10_-_Baby_It's_You.lab,baby_its_you,774,nan,nan,
775,beatles,125,,chordlib,The Beatles\01_-_Please_Please_Me\12_-_A_Taste_Of_Honey.lab,taste_of_honey,775,nan,nan,
776,beatles,125,,chordlib,The Beatles\01_-_Please_Please_Me\13_-_There's_A_Place (2).lab,theres__place_2,776,nan,nan,
777,beatles,113,,chordlib,The Beatles\01_-_Please_Please_Me\13_-_There's_A_Place.lab,theres__place,777,nan,nan,
778,beatles,153,,chordlib,The Beatles\01_-_Please_Please_Me\14_-_Twist_And_Shout.lab,twist_and_shout,778,nan,nan,
779,beatles,134,,chordlib,The Beatles\02_-_With_the_Beatles\01_-_It_Won't_Be_Long.lab,it_wont_be_long,779,nan,nan,
780,beatles,125,,chordlib,The Beatles\02_-_With_the_Beatles\02_-_All_I've_Got_To_Do.lab,all_ive_got_to_do,780,nan,nan,
781,beatles,130,,chordlib,The Beatles\02_-_With_the_Beatles\03_-_All_My_Loving.lab,all_my_loving,781,nan,nan,
782,beatles,149,,chordlib,The Beatles\02_-_With_the_Beatles\04_-_Don't_Bother_Me.lab,dont_bother_me,782,nan,nan,
783,beatles,108,,chordlib,The Beatles\02_-_With_the_Beatles\05_-_Little_Child.lab,little_child,783,nan,nan,
784,beatles,137,,chordlib,The Beatles\02_-_With_the_Beatles\06_-_Till_There_Was_You.lab,till_there_was_you,784,nan,nan,
785,beatles,157,,chordlib,The Beatles\02_-_With_the_Beatles\07_-_Please_Mister_Postman.lab,please_mister_postman,785,nan,nan,
786,beatles,168,,chordlib,The Beatles\02_-_With_the_Beatles\08_-_Roll_Over_Beethoven.lab,roll_over_beethoven,786,nan,nan,
787,beatles,153,,chordlib,The Beatles\02_-_With_the_Beatles\09_-_Hold_Me_Tight.lab,hold_me_tight,787,nan,nan,
788,beatles,183,,chordlib,The Beatles\02_-_With_the_Beatles\10_-_You_Really_Got_A_Hold_On_Me.lab,you_really_got__hold_on_me,788,nan,nan,
789,beatles,119,,chordlib,The Beatles\02_-_With_the_Beatles\11_-_I_Wanna_Be_Your_Man.lab,i_wanna_be_your_man,789,nan,nan,
790,beatles,148,,chordlib,The Beatles\02_-_With_the_Beatles\12_-_Devil_In_Her_Heart.lab,devil_in_her_heart,790,nan,nan,
791,beatles,128,,chordlib,The Beatles\02_-_With_the_Beatles\13_-_Not_A_Second_Time.lab,not__second_time,791,nan,nan,
792,beatles,167,,chordlib,The Beatles\02_-_With_the_Beatles\14_-_Money.lab,money,792,nan,nan,
793,beatles,164,,chordlib,The Beatles\03_-_A_Hard_Day's_Night\02_-_I_Should_Have_Known_Better.lab,i_should_have_known_better,793,nan,nan,
794,beatles,142,,chordlib,The Beatles\03_-_A_Hard_Day's_Night\03_-_If_I_Fell.lab,if_i_fell,794,nan,nan,
795,beatles,119,,chordlib,The Beatles\03_-_A_Hard_Day's_Night\04_-_I'm_Happy_Just_To_Dance_With_You.lab,im_happy_just_to_dance_with_you,795,nan,nan,
796,beatles,151,,chordlib,The Beatles\03_-_A_Hard_Day's_Night\05_-_And_I_Love_Her.lab,and_i_love_her,796,nan,nan,
797,beatles,130,,chordlib,The Beatles\03_-_A_Hard_Day's_Night\06_-_Tell_Me_Why.lab,tell_me_why,797,nan,nan,
798,beatles,135,,chordlib,The Beatles\03_-_A_Hard_Day's_Night\07_-_Can't_Buy_Me_Love.lab,cant_buy_me_love,798,nan,nan,
799,beatles,133,,chordlib,The Beatles\03_-_A_Hard_Day's_Night\08_-_Any_Time_At_All.lab,any_time_at_all,799,nan,nan,
800,beatles,108,,chordlib,The Beatles\03_-_A_Hard_Day's_Night\09_-_I'll_Cry_Instead.lab,ill_cry_instead,800,nan,nan,
801,beatles,159,,chordlib,The Beatles\03_-_A_Hard_Day's_Night\10_-_Things_We_Said_Today.lab,things_we_said_today,801,nan,nan,
802,beatles,138,,chordlib,The Beatles\03_-_A_Hard_Day's_Night\11_-_When_I_Get_Home.lab,when_i_get_home,802,nan,nan,
803,beatles,138,,chordlib,The Beatles\03_-_A_Hard_Day's_Night\12_-_You_Can't_Do_That (2).lab,you_cant_do_that_2,803,nan,nan,
804,beatles,158,,chordlib,The Beatles\03_-_A_Hard_Day's_Night\12_-_You_Can't_Do_That.lab,you_cant_do_that,804,nan,nan,
805,beatles,140,,chordlib,The Beatles\03_-_A_Hard_Day's_Night\13_-_I'll_Be_Back.lab,ill_be_back,805,nan,nan,
806,beatles,140,,chordlib,The Beatles\04_-_Beatles_for_Sale\01_-_No_Reply (2).lab,no_reply_2,806,nan,nan,
807,beatles,138,,chordlib,The Beatles\04_-_Beatles_for_Sale\01_-_No_Reply.lab,no_reply,807,nan,nan,
808,beatles,154,,chordlib,The Beatles\04_-_Beatles_for_Sale\02_-_I'm_a_Loser.lab,im__loser,808,nan,nan,
809,beatles,128,,chordlib,The Beatles\04_-_Beatles_for_Sale\03_-_Baby's_In_Black.lab,babys_in_black,809,nan,nan,
810,beatles,154,,chordlib,The Beatles\04_-_Beatles_for_Sale\04_-_Rock_and_Roll_Music.lab,rock_and_roll_music,810,nan,nan,
811,beatles,111,,chordlib,The Beatles\04_-_Beatles_for_Sale\05_-_I'll_Follow_the_Sun.lab,ill_follow__sun,811,nan,nan,
812,beatles,157,,chordlib,The Beatles\04_-_Beatles_for_Sale\06_-_Mr._Moonlight.lab,mr_moonlight,812,nan,nan,
813,beatles,153,,chordlib,"The Beatles\04_-_Beatles_for_Sale\07_-_Kansas_City-_Hey,_Hey,_Hey,_Hey.lab","kansas_city__hey,_hey,_hey,_hey",813,nan,nan,
814,beatles,135,,chordlib,The Beatles\04_-_Beatles_for_Sale\09_-_Words_of_Love.lab,words_of_love,814,nan,nan,
815,beatles,180,,chordlib,The Beatles\04_-_Beatles_for_Sale\10_-_Honey_Don't.lab,honey_dont,815,nan,nan,
816,beatles,125,,chordlib,The Beatles\04_-_Beatles_for_Sale\11_-_Every_Little_Thing.lab,every_little_thing,816,nan,nan,
817,beatles,155,,chordlib,The Beatles\04_-_Beatles_for_Sale\13_-_What_You're_Doing.lab,what_youre_doing,817,nan,nan,
818,beatles,144,,chordlib,The Beatles\04_-_Beatles_for_Sale\14_-_Everybody's_Trying_to_Be_My_Baby.lab,everybodys_trying_to_be_my_baby,818,nan,nan,
819,beatles,157,,chordlib,The Beatles\05_-_Help!\02_-_The_Night_Before.lab,night_before,819,nan,nan,
820,beatles,131,,chordlib,The Beatles\05_-_Help!\03_-_You've_Got_To_Hide_Your_Love_Away.lab,youve_got_to_hide_your_love_away,820,nan,nan,
821,beatles,152,,chordlib,The Beatles\05_-_Help!\04_-_I_Need_You.lab,i_need_you,821,nan,nan,
822,beatles,128,,chordlib,The Beatles\05_-_Help!\05_-_Another_Girl.lab,another_girl,822,nan,nan,
823,beatles,140,,chordlib,The Beatles\05_-_Help!\06_-_You're_Going_To_Lose_That_Girl.lab,youre_going_to_lose_that_girl,823,nan,nan,
824,beatles,192,,chordlib,The Beatles\05_-_Help!\07_-_Ticket_To_Ride.lab,ticket_to_ride,824,nan,nan,
825,beatles,153,,chordlib,The Beatles\05_-_Help!\08_-_Act_Naturally.lab,act_naturally,825,nan,nan,
826,beatles,119,,chordlib,The Beatles\05_-_Help!\09_-_It's_Only_Love.lab,its_only_love,826,nan,nan,
827,beatles,159,,chordlib,The Beatles\05_-_Help!\10_-_You_Like_Me_Too_Much.lab,you_like_me_too_much,827,nan,nan,
828,beatles,160,,chordlib,The Beatles\05_-_Help!\11_-_Tell_Me_What_You_See.lab,tell_me_what_you_see,828,nan,nan,
829,beatles,127,,chordlib,The Beatles\05_-_Help!\12_-_I've_Just_Seen_a_Face.lab,ive_just_seen__face,829,nan,nan,
830,beatles,127,,chordlib,The Beatles\05_-_Help!\13_-_Yesterday.lab,yesterday,830,nan,nan,
831,beatles,174,,chordlib,The Beatles\05_-_Help!\14_-_Dizzy_Miss_Lizzy.lab,dizzy_miss_lizzy,831,nan,nan,
832,beatles,150,,chordlib,The Beatles\06_-_Rubber_Soul\01_-_Drive_My_Car.lab,drive_my_car,832,nan,nan,
833,beatles,125,,chordlib,The Beatles\06_-_Rubber_Soul\02_-_Norwegian_Wood_(This_Bird_Has_Flown).lab,norwegian_wood_this_bird_has_flown,833,nan,nan,
834,beatles,203,,chordlib,The Beatles\06_-_Rubber_Soul\03_-_You_Won't_See_Me.lab,you_wont_see_me,834,nan,nan,
835,beatles,164,,chordlib,The Beatles\06_-_Rubber_Soul\04_-_Nowhere_Man.lab,nowhere_man,835,nan,nan,
836,beatles,139,,chordlib,The Beatles\06_-_Rubber_Soul\05_-_Think_For_Yourself.lab,think_for_yourself,836,nan,nan,
837,beatles,164,,chordlib,The Beatles\06_-_Rubber_Soul\06_-_The_Word.lab,word,837,nan,nan,
838,beatles,162,,chordlib,The Beatles\06_-_Rubber_Soul\07_-_Michelle.lab,michelle,838,nan,nan,
839,beatles,162,,chordlib,The Beatles\06_-_Rubber_Soul\08_-_What_Goes_On (2).lab,what_goes_on_2,839,nan,nan,
840,beatles,171,,chordlib,The Beatles\06_-_Rubber_Soul\08_-_What_Goes_On.lab,what_goes_on,840,nan,nan,
841,beatles,154,,chordlib,The Beatles\06_-_Rubber_Soul\09_-_Girl.lab,girl,841,nan,nan,
842,beatles,148,,chordlib,The Beatles\06_-_Rubber_Soul\10_-_I'm_Looking_Through_You.lab,im_looking_through_you,842,nan,nan,
843,beatles,148,,chordlib,The Beatles\06_-_Rubber_Soul\11_-_In_My_Life.lab,in_my_life,843,nan,nan,
844,beatles,137,,chordlib,The Beatles\06_-_Rubber_Soul\12_-_Wait.lab,wait,844,nan,nan,
845,beatles,144,,chordlib,The Beatles\06_-_Rubber_Soul\13_-_If_I_Needed_Someone.lab,if_i_needed_someone,845,nan,nan,
846,beatles,144,,chordlib,The Beatles\06_-_Rubber_Soul\14_-_Run_For_Your_Life (2).lab,run_for_your_life_2,846,nan,nan,
847,beatles,139,,chordlib,The Beatles\06_-_Rubber_Soul\14_-_Run_For_Your_Life.lab,run_for_your_life,847,nan,nan,
848,beatles,159,,chordlib,The Beatles\07_-_Revolver\01_-_Taxman.lab,taxman,848,nan,nan,
849,beatles,128,,chordlib,The Beatles\07_-_Revolver\02_-_Eleanor_Rigby.lab,eleanor_rigby,849,nan,nan,
850,beatles,182,,chordlib,The Beatles\07_-_Revolver\03_-_I'm_Only_Sleeping.lab,im_only_sleeping,850,nan,nan,
851,beatles,181,,chordlib,The Beatles\07_-_Revolver\04_-_Love_You_To.lab,love_you_to,851,nan,nan,
852,beatles,146,,chordlib,"The Beatles\07_-_Revolver\05_-_Here,_There_And_Everywhere.lab","here,_there_and_everywhere",852,nan,nan,
853,beatles,160,,chordlib,The Beatles\07_-_Revolver\06_-_Yellow_Submarine.lab,yellow_submarine,853,nan,nan,
854,beatles,157,,chordlib,The Beatles\07_-_Revolver\07_-_She_Said_She_Said.lab,she_said_she_said,854,nan,nan,
855,beatles,130,,chordlib,The Beatles\07_-_Revolver\08_-_Good_Day_Sunshine.lab,good_day_sunshine,855,nan,nan,
856,beatles,122,,chordlib,The Beatles\07_-_Revolver\09_-_And_Your_Bird_Can_Sing.lab,and_your_bird_can_sing,856,nan,nan,
857,beatles,122,,chordlib,The Beatles\07_-_Revolver\10_-_For_No_One.lab,for_no_one,857,nan,nan,
858,beatles,135,,chordlib,The Beatles\07_-_Revolver\11_-_Doctor_Robert.lab,doctor_robert,858,nan,nan,
859,beatles,150,,chordlib,The Beatles\07_-_Revolver\12_-_I_Want_To_Tell_You.lab,i_want_to_tell_you,859,nan,nan,
860,beatles,151,,chordlib,The Beatles\07_-_Revolver\13_-_Got_To_Get_You_Into_My_Life.lab,got_to_get_you_into_my_life,860,nan,nan,
861,beatles,177,,chordlib,The Beatles\07_-_Revolver\14_-_Tomorrow_Never_Knows.lab,tomorrow_never_knows,861,nan,nan,
862,beatles,122,,chordlib,The Beatles\08_-_Sgt._Pepper's_Lonely_Hearts_Club_Band\01_-_Sgt._Pepper's_Lonely_Hearts_Club_Band.lab,sgt_peppers_lonely_hearts_club_band,862,nan,nan,
863,beatles,164,,chordlib,The Beatles\08_-_Sgt._Pepper's_Lonely_Hearts_Club_Band\02_-_With_A_Little_Help_From_My_Friends.lab,with__little_help_from_my_friends,863,nan,nan,
864,beatles,208,,chordlib,The Beatles\08_-_Sgt._Pepper's_Lonely_Hearts_Club_Band\03_-_Lucy_In_The_Sky_With_Diamonds.lab,lucy_in__sky_with_diamonds,864,nan,nan,
865,beatles,168,,chordlib,The Beatles\08_-_Sgt._Pepper's_Lonely_Hearts_Club_Band\04_-_Getting_Better.lab,getting_better,865,nan,nan,
866,beatles,157,,chordlib,The Beatles\08_-_Sgt._Pepper's_Lonely_Hearts_Club_Band\05_-_Fixing_A_Hole.lab,fixing__hole,866,nan,nan,
867,beatles,215,,chordlib,The Beatles\08_-_Sgt._Pepper's_Lonely_Hearts_Club_Band\06_-_She's_Leaving_Home.lab,shes_leaving_home,867,nan,nan,
868,beatles,157,,chordlib,The Beatles\08_-_Sgt._Pepper's_Lonely_Hearts_Club_Band\07_-_Being_For_The_Benefit_Of_Mr._Kite!.lab,being_for__benefit_of_mr_kite!,868,nan,nan,
869,beatles,305,,chordlib,The Beatles\08_-_Sgt._Pepper's_Lonely_Hearts_Club_Band\08_-_Within_You_Without_You.lab,within_you_without_you,869,nan,nan,
870,beatles,158,,chordlib,The Beatles\08_-_Sgt._Pepper's_Lonely_Hearts_Club_Band\09_-_When_I'm_Sixty-Four.lab,when_im_sixty_four,870,nan,nan,
871,beatles,162,,chordlib,The Beatles\08_-_Sgt._Pepper's_Lonely_Hearts_Club_Band\10_-_Lovely_Rita.lab,lovely_rita,871,nan,nan,
872,beatles,161,,chordlib,The Beatles\08_-_Sgt._Pepper's_Lonely_Hearts_Club_Band\11_-_Good_Morning_Good_Morning.lab,good_morning_good_morning,872,nan,nan,
873,beatles,79,,chordlib,The Beatles\08_-_Sgt._Pepper's_Lonely_Hearts_Club_Band\12_-_Sgt._Pepper's_Lonely_Hearts_Club_Band_(Reprise).lab,sgt_peppers_lonely_hearts_club_band_reprise,873,nan,nan,
874,beatles,334,,chordlib,The Beatles\08_-_Sgt._Pepper's_Lonely_Hearts_Club_Band\13_-_A_Day_In_The_Life.lab,day_in__life,874,nan,nan,
875,beatles,172,,chordlib,The Beatles\09_-_Magical_Mystery_Tour\01_-_Magical_Mystery_Tour.lab,magical_mystery_tour,875,nan,nan,
876,beatles,180,,chordlib,The Beatles\09_-_Magical_Mystery_Tour\02_-_The_Fool_On_The_Hill.lab,fool_on__hill,876,nan,nan,
877,beatles,137,,chordlib,The Beatles\09_-_Magical_Mystery_Tour\03_-_Flying.lab,flying,877,nan,nan,
878,beatles,237,,chordlib,The Beatles\09_-_Magical_Mystery_Tour\04_-_Blue_Jay_Way.lab,blue_jay_way,878,nan,nan,
879,beatles,150,,chordlib,The Beatles\09_-_Magical_Mystery_Tour\05_-_Your_Mother_Should_Know.lab,your_mother_should_know,879,nan,nan,
880,beatles,277,,chordlib,The Beatles\09_-_Magical_Mystery_Tour\06_-_I_Am_The_Walrus.lab,i_am__walrus,880,nan,nan,
881,beatles,211,,chordlib,The Beatles\09_-_Magical_Mystery_Tour\07_-_Hello_Goodbye.lab,hello_goodbye,881,nan,nan,
882,beatles,251,,chordlib,The Beatles\09_-_Magical_Mystery_Tour\08_-_Strawberry_Fields_Forever.lab,strawberry_fields_forever,882,nan,nan,
883,beatles,183,,chordlib,The Beatles\09_-_Magical_Mystery_Tour\09_-_Penny_Lane.lab,penny_lane,883,nan,nan,
884,beatles,184,,chordlib,The Beatles\09_-_Magical_Mystery_Tour\10_-_Baby_You're_A_Rich_Man.lab,baby_youre__rich_man,884,nan,nan,
885,beatles,228,,chordlib,The Beatles\09_-_Magical_Mystery_Tour\11_-_All_You_Need_Is_Love.lab,all_you_need_is_love,885,nan,nan,
886,beatles,163,,chordlib,The Beatles\10CD1_-_The_Beatles\CD1_-_01_-_Back_in_the_USSR.lab,back_in__ussr,886,nan,nan,
887,beatles,236,,chordlib,The Beatles\10CD1_-_The_Beatles\CD1_-_02_-_Dear_Prudence.lab,dear_prudence,887,nan,nan,
888,beatles,138,,chordlib,The Beatles\10CD1_-_The_Beatles\CD1_-_03_-_Glass_Onion.lab,glass_onion,888,nan,nan,
889,beatles,189,,chordlib,"The Beatles\10CD1_-_The_Beatles\CD1_-_04_-_Ob-La-Di,_Ob-La-Da.lab","ob_la_di,_ob_la_da",889,nan,nan,
890,beatles,53,,chordlib,The Beatles\10CD1_-_The_Beatles\CD1_-_05_-_Wild_Honey_Pie.lab,wild_honey_pie,890,nan,nan,
891,beatles,194,,chordlib,The Beatles\10CD1_-_The_Beatles\CD1_-_06_-_The_Continuing_Story_of_Bungalow_Bill.lab,continuing_story_of_bungalow_bill,891,nan,nan,
892,beatles,285,,chordlib,The Beatles\10CD1_-_The_Beatles\CD1_-_07_-_While_My_Guitar_Gently_Weeps.lab,while_my_guitar_gently_weeps,892,nan,nan,
893,beatles,163,,chordlib,The Beatles\10CD1_-_The_Beatles\CD1_-_08_-_Happiness_is_a_Warm_Gun.lab,happiness_is__warm_gun,893,nan,nan,
894,beatles,149,,chordlib,The Beatles\10CD1_-_The_Beatles\CD1_-_09_-_Martha_My_Dear.lab,martha_my_dear,894,nan,nan,
895,beatles,123,,chordlib,The Beatles\10CD1_-_The_Beatles\CD1_-_10_-_I'm_So_Tired.lab,im_so_tired,895,nan,nan,
896,beatles,138,,chordlib,The Beatles\10CD1_-_The_Beatles\CD1_-_11_-_Black_Bird.lab,black_bird,896,nan,nan,
897,beatles,124,,chordlib,The Beatles\10CD1_-_The_Beatles\CD1_-_12_-_Piggies.lab,piggies,897,nan,nan,
898,beatles,213,,chordlib,The Beatles\10CD1_-_The_Beatles\CD1_-_13_-_Rocky_Raccoon.lab,rocky_raccoon,898,nan,nan,
899,beatles,230,,chordlib,The Beatles\10CD1_-_The_Beatles\CD1_-_14_-_Don't_Pass_Me_By.lab,dont_pass_me_by,899,nan,nan,
900,beatles,101,,chordlib,The Beatles\10CD1_-_The_Beatles\CD1_-_15_-_Why_Don't_We_Do_It_In_The_Road.lab,why_dont_we_do_it_in__road,900,nan,nan,
901,beatles,106,,chordlib,The Beatles\10CD1_-_The_Beatles\CD1_-_16_-_I_Will.lab,i_will,901,nan,nan,
902,beatles,174,,chordlib,The Beatles\10CD1_-_The_Beatles\CD1_-_17_-_Julia.lab,julia,902,nan,nan,
903,beatles,163,,chordlib,The Beatles\10CD2_-_The_Beatles\CD2_-_01_-_Birthday.lab,birthday,903,nan,nan,
904,beatles,241,,chordlib,The Beatles\10CD2_-_The_Beatles\CD2_-_02_-_Yer_Blues.lab,yer_blues,904,nan,nan,
905,beatles,168,,chordlib,The Beatles\10CD2_-_The_Beatles\CD2_-_03_-_Mother_Nature's_Son.lab,mother_natures_son,905,nan,nan,
906,beatles,145,,chordlib,The Beatles\10CD2_-_The_Beatles\CD2_-_04_-_Everybody's_Got_Something_To_Hide_Except_Me_and_My_Monkey.lab,everybodys_got_something_to_hide_except_me_and_my_monkey,906,nan,nan,
907,beatles,195,,chordlib,The Beatles\10CD2_-_The_Beatles\CD2_-_05_-_Sexy_Sadie.lab,sexy_sadie,907,nan,nan,
908,beatles,270,,chordlib,The Beatles\10CD2_-_The_Beatles\CD2_-_06_-_Helter_Skelter.lab,helter_skelter,908,nan,nan,
909,beatles,184,,chordlib,The Beatles\10CD2_-_The_Beatles\CD2_-_07_-_Long_Long_Long.lab,long_long_long,909,nan,nan,
910,beatles,256,,chordlib,The Beatles\10CD2_-_The_Beatles\CD2_-_08_-_Revolution_1.lab,revolution_1,910,nan,nan,
911,beatles,161,,chordlib,The Beatles\10CD2_-_The_Beatles\CD2_-_09_-_Honey_Pie.lab,honey_pie,911,nan,nan,
912,beatles,175,,chordlib,The Beatles\10CD2_-_The_Beatles\CD2_-_10_-_Savoy_Truffle.lab,savoy_truffle,912,nan,nan,
913,beatles,182,,chordlib,The Beatles\10CD2_-_The_Beatles\CD2_-_11_-_Cry_Baby_Cry.lab,cry_baby_cry,913,nan,nan,
914,beatles,502,,chordlib,The Beatles\10CD2_-_The_Beatles\CD2_-_12_-_Revolution_9.lab,revolution_9,914,nan,nan,
915,beatles,192,,chordlib,The Beatles\10CD2_-_The_Beatles\CD2_-_13_-_Good_Night.lab,good_night,915,nan,nan,
916,beatles,183,,chordlib,The Beatles\11_-_Abbey_Road\02_-_Something.lab,something,916,nan,nan,
917,beatles,207,,chordlib,The Beatles\11_-_Abbey_Road\03_-_Maxwell's_Silver_Hammer.lab,maxwells_silver_hammer,917,nan,nan,
918,beatles,207,,chordlib,The Beatles\11_-_Abbey_Road\04_-_Oh!_Darling.lab,oh!_darling,918,nan,nan,
919,beatles,171,,chordlib,The Beatles\11_-_Abbey_Road\05_-_Octopus's_Garden.lab,octopuss_garden,919,nan,nan,
920,beatles,467,,chordlib,The Beatles\11_-_Abbey_Road\06_-_I_Want_You.lab,i_want_you,920,nan,nan,
921,beatles,186,,chordlib,The Beatles\11_-_Abbey_Road\07_-_Here_Comes_The_Sun.lab,here_comes__sun,921,nan,nan,
922,beatles,166,,chordlib,The Beatles\11_-_Abbey_Road\08_-_Because.lab,because,922,nan,nan,
923,beatles,242,,chordlib,The Beatles\11_-_Abbey_Road\09_-_You_Never_Give_Me_Your_Money.lab,you_never_give_me_your_money,923,nan,nan,
924,beatles,146,,chordlib,The Beatles\11_-_Abbey_Road\10_-_Sun_King.lab,sun_king,924,nan,nan,
925,beatles,66,,chordlib,The Beatles\11_-_Abbey_Road\11_-_Mean_Mr_Mustard.lab,mean_mr_mustard,925,nan,nan,
926,beatles,73,,chordlib,The Beatles\11_-_Abbey_Road\12_-_Polythene_Pam.lab,polythene_pam,926,nan,nan,
927,beatles,118,,chordlib,The Beatles\11_-_Abbey_Road\13_-_She_Came_In_Through_The_Bathroom_Window.lab,she_came_in_through__bathroom_window,927,nan,nan,
928,beatles,92,,chordlib,The Beatles\11_-_Abbey_Road\14_-_Golden_Slumbers.lab,golden_slumbers,928,nan,nan,
929,beatles,97,,chordlib,The Beatles\11_-_Abbey_Road\15_-_Carry_That_Weight.lab,carry_that_weight,929,nan,nan,
930,beatles,140,,chordlib,The Beatles\11_-_Abbey_Road\16_-_The_End.lab,end,930,nan,nan,
931,beatles,23,,chordlib,The Beatles\11_-_Abbey_Road\17_-_Her_Majesty.lab,her_majesty,931,nan,nan,
932,beatles,217,,chordlib,The Beatles\12_-_Let_It_Be\01_-_Two_of_Us.lab,two_of_us,932,nan,nan,
933,beatles,235,,chordlib,The Beatles\12_-_Let_It_Be\02_-_Dig_a_Pony.lab,dig__pony,933,nan,nan,
934,beatles,229,,chordlib,The Beatles\12_-_Let_It_Be\03_-_Across_the_Universe.lab,across__universe,934,nan,nan,
935,beatles,146,,chordlib,The Beatles\12_-_Let_It_Be\04_-_I_Me_Mine.lab,i_me_mine,935,nan,nan,
936,beatles,50,,chordlib,The Beatles\12_-_Let_It_Be\05_-_Dig_It.lab,dig_it,936,nan,nan,
937,beatles,243,,chordlib,The Beatles\12_-_Let_It_Be\06_-_Let_It_Be.lab,let_it_be,937,nan,nan,
938,beatles,41,,chordlib,The Beatles\12_-_Let_It_Be\07_-_Maggie_Mae.lab,maggie_mae,938,nan,nan,
939,beatles,218,,chordlib,The Beatles\12_-_Let_It_Be\08_-_I've_Got_A_Feeling.lab,ive_got__feeling,939,nan,nan,
940,beatles,176,,chordlib,The Beatles\12_-_Let_It_Be\09_-_One_After_909.lab,one_after_909,940,nan,nan,
941,beatles,218,,chordlib,The Beatles\12_-_Let_It_Be\10_-_The_Long_and_Winding_Road.lab,long_and_winding_road,941,nan,nan,
942,beatles,218,,chordlib,The Beatles\12_-_Let_It_Be\11_-_For_You_Blue (2).lab,for_you_blue_2,942,nan,nan,
943,beatles,153,,chordlib,The Beatles\12_-_Let_It_Be\11_-_For_You_Blue.lab,for_you_blue,943,nan,nan,
944,beatles,187,,chordlib,The Beatles\12_-_Let_It_Be\12_-_Get_Back.lab,get_back,944,nan,nan,
